mol,DATABASE_ID,DATABASE_NAME,SMILES,INCHI_IDENTIFIER,INCHI_KEY,FORMULA,JCHEM_TRADITIONAL_IUPAC
OC[C@@H](C(=O)N([C@H](C(=O)N[C@@H](C(=O)N[C@H](C(=O)N[C@H](C(=O)N1CCC[C@H]1C(=O)N[C@@H](C(=O)N)C)CCCCNC(C)C)CC(C)C)CC(=O)N)Cc1ccc(cc1)O)C)NC(=O)[C@H](NC(=O)[C@H](NC(=O)[C@@H](Cc1ccc2c(c1)cccc2)NC(=O)C)Cc1ccc(cc1)Cl)Cc1cccnc1,DB00106,drugbank,Clc1ccc(C[C@@H](NC(=O)[C@H](NC(=O)C)Cc2cc3c(cc2)cccc3)C(=O)N[C@@H](C(=O)N[C@H](C(=O)N([C@H](C(=O)N[C@@H](C(=O)N[C@H](C(=O)N[C@H](C(=O)N2[C@H](C(=O)N[C@@H](C(=O)N)C)CCC2)CCCCNC(C)C)CC(C)C)CC(=O)N)Cc2ccc(O)cc2)C)CO)Cc2cnccc2)cc1,InChI=1S/C72H95ClN14O14/c1-41(2)32-54(64(93)80-53(17-10-11-30-77-42(3)4)72(101)87-31-13-18-60(87)69(98)78-43(5)63(75)92)81-68(97)58(38-62(74)91)84-70(99)61(37-46-22-27-52(90)28-23-46)86(7)71(100)59(40-88)85-67(96)57(36-48-14-12-29-76-39-48)83-66(95)56(34-45-20-25-51(73)26-21-45)82-65(94)55(79-44(6)89)35-47-19-24-49-15-8-9-16-50(49)33-47/h8-9 12 14-16 19-29 33 39 41-43 53-61 77 88 90H 10-11 13 17-18 30-32 34-38 40H2 1-7H3 (H2 74 91)(H2 75 92)(H 78 98)(H 79 89)(H 80 93)(H 81 97)(H 82 94)(H 83 95)(H 84 99)(H 85 96)/t43- 53+ 54+ 55- 56- 57- 58- 59+ 60+ 61+/m1/s1,AIWRTTMUVOZGPW-HSPKUQOVSA-N,C72H95ClN14O14,abarelix
OC(=O)[C@H](Cc1c[nH]c2c1cccc2)N,DB00150,drugbank,O=C(O)[C@@H](N)Cc1c2c([nH]c1)cccc2,InChI=1S/C11H12N2O2/c12-9(11(14)15)5-7-6-13-10-4-2-1-3-8(7)10/h1-4 6 9 13H 5 12H2 (H 14 15)/t9-/m0/s1,QIVBCDIJIAJPQS-VIFPVBQESA-N,C11H12N2O2,L-tryptophan
CCC(C#C)(/C=C\Cl)O,DB00189,drugbank,ClC=CC(O)(C#C)CC,InChI=1S/C7H9ClO/c1-3-7(9 4-2)5-6-8/h1 5-6 9H 4H2 2H3,ZEHYJZXQEQOSON-UHFFFAOYSA-N,C7H9ClO,etclorvinol
O=C1NC(=O)C(S1)Cc1ccc(cc1)OCC1(C)CCc2c(O1)c(C)c(c(c2C)O)C,DB00197,drugbank,O(CC1(C)Oc2c(C)c(C)c(O)c(C)c2CC1)c1ccc(CC2C(=O)NC(=O)S2)cc1,InChI=1S/C24H27NO5S/c1-13-14(2)21-18(15(3)20(13)26)9-10-24(4 30-21)12-29-17-7-5-16(6-8-17)11-19-22(27)25-23(28)31-19/h5-8 19 26H 9-12H2 1-4H3 (H 25 27 28),GXPHKUHSUJUWKP-UHFFFAOYSA-N,C24H27NO5S,troglitazone
COc1ccc(cc1)C(=C(c1ccc(cc1)OC)Cl)c1ccc(cc1)OC,DB00269,drugbank,ClC(=C(c1ccc(OC)cc1)c1ccc(OC)cc1)c1ccc(OC)cc1,InChI=1S/C23H21ClO3/c1-25-19-10-4-16(5-11-19)22(17-6-12-20(26-2)13-7-17)23(24)18-8-14-21(27-3)15-9-18/h4-15H 1-3H3,BFPSDSIWYFKGBC-UHFFFAOYSA-N,C23H21ClO3,chlorotrianisene
CCOc1ccc2c(c1)sc(n2)S(=O)(=O)N,DB00311,drugbank,S(=O)(=O)(N)c1sc2c(n1)ccc(OCC)c2,InChI=1S/C9H10N2O3S2/c1-2-14-6-3-4-7-8(5-6)15-9(11-7)16(10 12)13/h3-5H 2H2 1H3 (H2 10 12 13),OUZWUKMCLIBBOG-UHFFFAOYSA-N,C9H10N2O3S2,ethoxzolamide
Cc1ccc(cc1)C(=O)c1cc(O)c(c(c1)[N+](=O)[O-])O,DB00323,drugbank,O=[N+]([O-])c1c(O)c(O)cc(C(=O)c2ccc(C)cc2)c1,InChI=1S/C14H11NO5/c1-8-2-4-9(5-3-8)13(17)10-6-11(15(19)20)14(18)12(16)7-10/h2-7 16 18H 1H3,MIQPIUSUKVNLNT-UHFFFAOYSA-N,C14H11NO5,tolcapone
OC(c1ccc(cc1)C(C)(C)C)CCCN1CCC(CC1)C(c1ccccc1)(c1ccccc1)O,DB00342,drugbank,OC(c1ccccc1)(c1ccccc1)C1CCN(CCCC(O)c2ccc(C(C)(C)C)cc2)CC1,InChI=1S/C32H41NO2/c1-31(2 3)26-18-16-25(17-19-26)30(34)15-10-22-33-23-20-29(21-24-33)32(35 27-11-6-4-7-12-27)28-13-8-5-9-14-28/h4-9 11-14 16-19 29-30 34-35H 10 15 20-24H2 1-3H3,GUGOEEXESWIERI-UHFFFAOYSA-N,C32H41NO2,terfenadine
CC1NCCN(C1)c1cc2c(c(c1F)C)c(=O)c(cn2C1CC1)C(=O)O,DB00365,drugbank,Fc1c(C)c2C(=O)C(C(=O)O)=CN(C3CC3)c2cc1N1CC(C)NCC1,InChI=1S/C19H22FN3O3/c1-10-8-22(6-5-21-10)15-7-14-16(11(2)17(15)20)18(24)13(19(25)26)9-23(14)12-3-4-12/h7 9-10 12 21H 3-6 8H2 1-2H3 (H 25 26),AIJTTZAVMXIJGM-UHFFFAOYSA-N,C19H22FN3O3,grepafloxacin
CCSc1ccc2c(c1)N(CCCN1CCN(CC1)C)c1c(S2)cccc1,DB00372,drugbank,S(CC)c1cc2N(CCCN3CCN(C)CC3)c3c(Sc2cc1)cccc3,InChI=1S/C22H29N3S2/c1-3-26-18-9-10-22-20(17-18)25(19-7-4-5-8-21(19)27-22)12-6-11-24-15-13-23(2)14-16-24/h4-5 7-10 17H 3 6 11-16H2 1-2H3,XCTYLCDETUVOIP-UHFFFAOYSA-N,C22H29N3S2,thiethylperazine
O=C1CC[C@@]2(C(=C1)C=C[C@@H]1[C@H]2CC[C@]2([C@H]1CC[C@@H]2C(=O)C)C)C,DB00378,drugbank,O=C(C)[C@@H]1[C@]2(C)[C@H]([C@H]3[C@H]([C@@]4(C)C(=CC(=O)CC4)C=C3)CC2)CC1,InChI=1S/C21H28O2/c1-13(22)17-6-7-18-16-5-4-14-12-15(23)8-10-20(14 2)19(16)9-11-21(17 18)3/h4-5 12 16-19H 6-11H2 1-3H3/t16- 17+ 18- 19+ 20+ 21+/m0/s1,JGMOKGBVKVMRFX-HQZYFCCVSA-N,C21H28O2,dydrogesterone
O=C1NC(=O)CN(C1)C[C@@H](N1CC(=O)NC(=O)C1)C,DB00380,drugbank,O=C1NC(=O)CN([C@H](CN2CC(=O)NC(=O)C2)C)C1,InChI=1S/C11H16N4O4/c1-7(15-5-10(18)13-11(19)6-15)2-14-3-8(16)12-9(17)4-14/h7H 2-6H2 1H3 (H 12 16 17)(H 13 18 19)/t7-/m0/s1,BMKDZUISNHGIBY-ZETCQYMHSA-N,C11H16N4O4,dexrazoxane
Nc1c2CCCCc2nc2c1cccc2,DB00382,drugbank,Nc1c2c(nc3c1CCCC3)cccc2,InChI=1S/C13H14N2/c14-13-9-5-1-3-7-11(9)15-12-8-4-2-6-10(12)13/h1 3 5 7H 2 4 6 8H2 (H2 14 15),YLJREFDVOIBQDA-UHFFFAOYSA-N,C13H14N2,tacrine
O[C@H](c1ccccc1)[C@@H](N)C,DB00397,drugbank,O[C@@H]([C@@H](N)C)c1ccccc1,InChI=1S/C9H13NO/c1-7(10)9(11)8-5-3-2-4-6-8/h2-7 9 11H 10H2 1H3/t7- 9-/m0/s1,DLNKOYKMWOXYQA-CBAPKCEASA-N,C9H13NO,fenilpropanolamina
CCN1CCC[C@H]1CNC(=O)c1c(OC)ccc(c1OC)Br,DB00409,drugbank,Brc1c(OC)c(C(=O)NC[C@H]2N(CC)CCC2)c(OC)cc1,InChI=1S/C16H23BrN2O3/c1-4-19-9-5-6-11(19)10-18-16(20)14-13(21-2)8-7-12(17)15(14)22-3/h7-8 11H 4-6 9-10H2 1-3H3 (H 18 20)/t11-/m0/s1,GUJRSXAPGDDABA-NSHDSACASA-N,C16H23BrN2O3,remoxipride
O=C(NS(=O)(=O)c1ccc(cc1)C(=O)C)NC1CCCCC1,DB00414,drugbank,S(=O)(=O)(NC(=O)NC1CCCCC1)c1ccc(C(=O)C)cc1,InChI=1S/C15H20N2O4S/c1-11(18)12-7-9-14(10-8-12)22(20 21)17-15(19)16-13-5-3-2-4-6-13/h7-10 13H 2-6H2 1H3 (H2 16 17 19),VGZSUPCWNCWDAN-UHFFFAOYSA-N,C15H20N2O4S,acetohexamide
COc1ccc2cc1Oc1cc3c(cc1OC)CC[N+]([C@H]3Cc1ccc(Oc3c4[C@@H](C2)[N+](C)(C)CCc4cc(c3OC)OC)cc1)(C)C.[I-].[I-],DB00416,drugbank,O(C)c1c(OC)cc2c3[C@H]([N+](C)(C)CC2)Cc2cc(c(OC)cc2)Oc2c(OC)cc4c([C@@H]([N+](C)(C)CC4)Cc4ccc(Oc13)cc4)c2.[I-].[I-],InChI=1S/C40H48N2O6.2HI/c1-41(2)17-15-27-22-34(44-6)36-24-30(27)31(41)19-25-9-12-29(13-10-25)47-40-38-28(23-37(45-7)39(40)46-8)16-18-42(3 4)32(38)20-26-11-14-33(43-5)35(21-26)48-36;;/h9-14 21-24 31-32H 15-20H2 1-8H3;2*1H/q+2;;/p-2/t31- 32+;;/m0../s1,DIGFQJFCDPKEPF-OIUSMDOTSA-L,C40H48I2N2O6,metocurine diiodide
ClC1C(Cl)C(Cl)C(C(C1Cl)Cl)Cl,DB00431,drugbank,ClC1C(Cl)C(Cl)C(Cl)C(Cl)C1Cl,InChI=1S/C6H6Cl6/c7-1-2(8)4(10)6(12)5(11)3(1)9/h1-6H/t1- 2- 3- 4+ 5+ 6+,JLYXXMFPNIAWKQ-GNIYUCBRSA-N,C6H6Cl6,å°?hexachlorobenzene
COCc1c(c2ccc(cc2)F)c(/C=C/[C@H](C[C@H](CC(=O)O)O)O)c(nc1C(C)C)C(C)C,DB00439,drugbank,Fc1ccc(-c2c(/C=C/[C@@H](O)C[C@@H](O)CC(=O)O)c(C(C)C)nc(C(C)C)c2COC)cc1,InChI=1S/C26H34FNO5/c1-15(2)25-21(11-10-19(29)12-20(30)13-23(31)32)24(17-6-8-18(27)9-7-17)22(14-33-5)26(28-25)16(3)4/h6-11 15-16 19-20 29-30H 12-14H2 1-5H3 (H 31 32)/b11-10+/t19- 20-/m1/s1,SEERZIQQUAZTOL-ANMDKAQQSA-N,C26H34FNO5,cerivastatin
N[C@H](c1ccccc1)C(=O)N[C@H]1[C@H]2CCC(=C(N2C1=O)C(=O)O)Cl,DB00447,drugbank,ClC1=C(C(=O)O)N2C(=O)[C@@H](NC(=O)[C@H](N)c3ccccc3)[C@H]2CC1,InChI=1S/C16H16ClN3O4/c17-9-6-7-10-12(15(22)20(10)13(9)16(23)24)19-14(21)11(18)8-4-2-1-3-5-8/h1-5 10-12H 6-7 18H2 (H 19 21)(H 23 24)/t10- 11- 12+/m1/s1,JAPHQRWPEGVNBT-UTUOFQBUSA-N,C16H16ClN3O4,loracabef
CCC1(CC)C(=O)NC(=O)N(C1=O)C,DB00463,drugbank,O=C1N(C)C(=O)NC(=O)C1(CC)CC,InChI=1S/C9H14N2O3/c1-4-9(5-2)6(12)10-8(14)11(3)7(9)13/h4-5H2 1-3H3 (H 10 12 14),FWJKNZONDWOGMI-UHFFFAOYSA-N,C9H14N2O3,metharbital
CC(OC(=O)c1ccccc1)CNC1CCCCC1,DB00473,drugbank,O=C(OC(CNC1CCCCC1)C)c1ccccc1,InChI=1S/C16H23NO2/c1-13(12-17-15-10-6-3-7-11-15)19-16(18)14-8-4-2-5-9-14/h2 4-5 8-9 13 15 17H 3 6-7 10-12H2 1H3,DKLKMKYDWHYZTD-UHFFFAOYSA-N,C16H23NO2,hexylcaine
CC[N+](CCC(c1ccccc1)(C1CCCCC1)O)(CC)CC,DB00505,drugbank,OC(CC[N+](CC)(CC)CC)(c1ccccc1)C1CCCCC1,InChI=1S/C21H36NO/c1-4-22(5-2 6-3)18-17-21(23 19-13-9-7-10-14-19)20-15-11-8-12-16-20/h7 9-10 13-14 20 23H 4-6 8 11-12 15-18H2 1-3H3/q+1,NPRHVSBSZMAEIN-UHFFFAOYSA-N,C21H36NO,tridihexethyl
O=C([C@@H](NC(=O)c1ccccc1)Cc1ccc(cc1)O)Nc1ccc(cc1)C(=O)O,DB00522,drugbank,O=C(Nc1ccc(C(=O)O)cc1)[C@@H](NC(=O)c1ccccc1)Cc1ccc(O)cc1,InChI=1S/C23H20N2O5/c26-19-12-6-15(7-13-19)14-20(25-21(27)16-4-2-1-3-5-16)22(28)24-18-10-8-17(9-11-18)23(29)30/h1-13 20 26H 14H2 (H 24 28)(H 25 27)(H 29 30)/t20-/m0/s1,SPPTWHFVYKCNNK-FQEVSTJZSA-N,C23H20N2O5,bentiromide
CCC1(NC(=O)N(C1=O)C)c1ccccc1,DB00532,drugbank,O=C1N(C)C(=O)NC1(CC)c1ccccc1,InChI=1S/C12H14N2O2/c1-3-12(9-7-5-4-6-8-9)10(15)14(2)11(16)13-12/h4-8H 3H2 1-2H3 (H 13 16),GMHKMTDVRCWUDX-UHFFFAOYSA-N,C12H14N2O2,mephenytoin
O=C1OCC(=C1c1ccccc1)c1ccc(cc1)S(=O)(=O)C,DB00533,drugbank,S(=O)(=O)(C)c1ccc(C2=C(c3ccccc3)C(=O)OC2)cc1,InChI=1S/C17H14O4S/c1-22(19 20)14-9-7-12(8-10-14)15-11-21-17(18)16(15)13-5-3-2-4-6-13/h2-10H 11H2 1H3,RZJQGNCSTQAWON-UHFFFAOYSA-N,C17H14O4S,rofecoxib
COC(C[Hg]Cl)CNC(=O)N,DB00534,drugbank,[Hg](Cl)CC(OC)CNC(=O)N,InChI=1S/C5H11N2O2.ClH.Hg/c1-4(9-2)3-7-5(6)8;;/h4H 1 3H2 2H3 (H3 6 7 8);1H;/q;;+1/p-1,BJFGVYCULWBXKF-UHFFFAOYSA-M,C5H11ClHgN2O2,chlormerodrin
CCNC(Cc1cccc(c1)C(F)(F)F)C,DB00574,drugbank,FC(F)(F)c1cc(CC(NCC)C)ccc1,InChI=1S/C12H16F3N/c1-3-16-9(2)7-10-5-4-6-11(8-10)12(13 14)15/h4-6 8-9 16H 3 7H2 1-2H3,DBGIVFWFUFKIQN-UHFFFAOYSA-N,C12H16F3N,redux
Cc1onc(c1c1ccc(cc1)S(=O)(=O)N)c1ccccc1,DB00580,drugbank,S(=O)(=O)(N)c1ccc(-c2c(C)onc2-c2ccccc2)cc1,InChI=1S/C16H14N2O3S/c1-11-15(12-7-9-14(10-8-12)22(17 19)20)16(18-21-11)13-5-3-2-4-6-13/h2-10H 1H3 (H2 17 19 20),LNPDTQAFDNKSHK-UHFFFAOYSA-N,C16H14N2O3S,valdecoxib
CO[C@H]1CN(CCCOc2ccc(cc2)F)CC[C@H]1NC(=O)c1cc(Cl)c(cc1OC)N,DB00604,drugbank,Clc1c(N)cc(OC)c(C(=O)N[C@H]2[C@@H](OC)CN(CCCOc3ccc(F)cc3)CC2)c1,InChI=1S/C23H29ClFN3O4/c1-30-21-13-19(26)18(24)12-17(21)23(29)27-20-8-10-28(14-22(20)31-2)9-3-11-32-16-6-4-15(25)5-7-16/h4-7 12-13 20 22H 3 8-11 14 26H2 1-2H3 (H 27 29)/t20- 22+/m1/s1,DCSUBABJRXZOMT-IRLDBZIGSA-N,C23H29ClFN3O4,(+-)-cisapride
COc1ccc(cc1)CCN1CCC(CC1)Nc1nc2c(n1Cc1ccc(cc1)F)cccc2,DB00637,drugbank,Fc1ccc(Cn2c(NC3CCN(CCc4ccc(OC)cc4)CC3)nc3c2cccc3)cc1,InChI=1S/C28H31FN4O/c1-34-25-12-8-21(9-13-25)14-17-32-18-15-24(16-19-32)30-28-31-26-4-2-3-5-27(26)33(28)20-22-6-10-23(29)11-7-22/h2-13 24H 14-20H2 1H3 (H 30 31),GXDALQBWZGODGZ-UHFFFAOYSA-N,C28H31FN4O,astemizole
CCC(=O)O[C@](c1ccccc1)([C@@H](CN(C)C)C)Cc1ccccc1,DB00647,drugbank,O=C(O[C@]([C@@H](CN(C)C)C)(Cc1ccccc1)c1ccccc1)CC,InChI=1S/C22H29NO2/c1-5-21(24)25-22(18(2)17-23(3)4 20-14-10-7-11-15-20)16-19-12-8-6-9-13-19/h6-15 18H 5 16-17H2 1-4H3/t18- 22+/m1/s1,XLMALTXPSGQGBX-GCJKJVERSA-N,C22H29NO2,propoxyphene
COc1nccnc1NS(=O)(=O)c1ccc(cc1)N,DB00664,drugbank,S(=O)(=O)(Nc1c(OC)nccn1)c1ccc(N)cc1,InChI=1S/C11H12N4O3S/c1-18-11-10(13-6-7-14-11)15-19(16 17)9-4-2-8(12)3-5-9/h2-7H 12H2 1H3 (H 13 15),KXRZBTAEDBELFD-UHFFFAOYSA-N,C11H12N4O3S,longum
CC(OP(=O)(OC(C)C)F)C,DB00677,drugbank,P(F)(=O)(OC(C)C)OC(C)C,InChI=1S/C6H14FO3P/c1-5(2)9-11(7 8)10-6(3)4/h5-6H 1-4H3,MUCZHBLJLSDCSD-UHFFFAOYSA-N,C6H14FO3P,isoflurophate
CSc1ccc2c(c1)N(CCC1CCCCN1C)c1c(S2)cccc1,DB00679,drugbank,S(C)c1cc2N(CCC3N(C)CCCC3)c3c(Sc2cc1)cccc3,InChI=1S/C21H26N2S2/c1-22-13-6-5-7-16(22)12-14-23-18-8-3-4-9-20(18)25-21-11-10-17(24-2)15-19(21)23/h3-4 8-11 15-16H 5-7 12-14H2 1-2H3,KLBQZWRITKRQQV-UHFFFAOYSA-N,C21H26N2S2,thioridazine
CCOC(=O)Nc1ccc2c(c1)N(C(=O)CCN1CCOCC1)c1c(S2)cccc1,DB00680,drugbank,O=C(OCC)Nc1cc2N(C(=O)CCN3CCOCC3)c3c(Sc2cc1)cccc3,InChI=1S/C22H25N3O4S/c1-2-29-22(27)23-16-7-8-20-18(15-16)25(17-5-3-4-6-19(17)30-20)21(26)9-10-24-11-13-28-14-12-24/h3-8 15H 2 9-14H2 1H3 (H 23 27),FUBVWMNBEHXPSU-UHFFFAOYSA-N,C22H25N3O4S,moricizine
NC1[C@@H]2[C@H]1CN(C2)c1nc2c(cc1F)c(=O)c(cn2c1ccc(cc1F)F)C(=O)O,DB00685,drugbank,Fc1c(N2c3nc(N4C[C@H]5C(N)[C@H]5C4)c(F)cc3C(=O)C(C(=O)O)=C2)ccc(F)c1,InChI=1S/C20H15F3N4O3/c21-8-1-2-15(13(22)3-8)27-7-12(20(29)30)17(28)9-4-14(23)19(25-18(9)27)26-5-10-11(6-26)16(10)24/h1-4 7 10-11 16H 5-6 24H2 (H 29 30)/t10- 11+ 16+,WVPSKSLAZQPAKQ-CDMJZVDBSA-N,C20H15F3N4O3,7-[(1R 5S 6S)-6-amino-3-azabicyclo[3.1.0]hexan-3-yl]-1-(2 4-difluorophenyl)-6-fluoro-4-oxo-1 8-naphthyridine-3-carboxylic acid
C[N+]1(C)CCC(=C(c2ccccc2)c2ccccc2)CC1.COS(=O)(=O)[O-],DB00729,drugbank,S(=O)(=O)(OC)[O-].C(c1ccccc1)(c1ccccc1)=C1CC[N+](C)(C)CC1,InChI=1S/C20H24N.CH4O4S/c1-21(2)15-13-19(14-16-21)20(17-9-5-3-6-10-17)18-11-7-4-8-12-18;1-5-6(2 3)4/h3-12H 13-16H2 1-2H3;1H3 (H 2 3 4)/q+1;/p-1,BREMLQBSKCSNNH-UHFFFAOYSA-M,C21H27NO4S,4-(diphenylmethylidene)-1 1-dimethylpiperidin-1-ium methyl sulfate(1-)
OC(=O)[C@@H]1N2C(=O)[C@H]([C@H]2SC1(C)C)N1C(=O)[C@H](NC1(C)C)c1ccccc1,DB00739,drugbank,O=C(O)[C@H]1C(C)(C)S[C@@H]2[C@H](N3C(=O)[C@@H](c4ccccc4)NC3(C)C)C(=O)N12,InChI=1S/C19H23N3O4S/c1-18(2)13(17(25)26)21-15(24)12(16(21)27-18)22-14(23)11(20-19(22 3)4)10-8-6-5-7-9-10/h5-9 11-13 16 20H 1-4H3 (H 25 26)/t11- 12- 13+ 16-/m1/s1,DXVUYOAEDJXBPY-NFFDBFGFSA-N,C19H23N3O4S,hetacillin
ON(C(c1cc2c(s1)cccc2)C)C(=O)N,DB00744,drugbank,O=C(N(O)C(C)c1sc2c(c1)cccc2)N,InChI=1S/C11H12N2O2S/c1-7(13(15)11(12)14)10-6-8-4-2-3-5-9(8)16-10/h2-7 15H 1H3 (H2 12 14),MWLSOWXNZPKENC-UHFFFAOYSA-N,C11H12N2O2S,zileuton
Clc1cc(Cl)c(c(c1O)Cc1c(O)c(Cl)cc(c1Cl)Cl)Cl,DB00756,drugbank,Clc1c(Cc2c(Cl)c(Cl)cc(Cl)c2O)c(O)c(Cl)cc1Cl,InChI=1S/C13H6Cl6O2/c14-6-2-8(16)12(20)4(10(6)18)1-5-11(19)7(15)3-9(17)13(5)21/h2-3 20-21H 1H2,ACGUYXCXAPNIKK-UHFFFAOYSA-N,C13H6Cl6O2,pre-op
[Cl-].[K+],DB00761,drugbank,[K+].[Cl-],InChI=1S/ClH.K/h1H;/q;+1/p-1,WCUXLLCKKVVCTQ-UHFFFAOYSA-M,ClK,potassium chloride
CCN(C(=O)C1CN2CCc3c(C2CC1OC(=O)C)cc(c(c3)OC)OC)CC,DB00767,drugbank,O=C(OC1C(C(=O)N(CC)CC)CN2C(c3c(cc(OC)c(OC)c3)CC2)C1)C,InChI=1S/C22H32N2O5/c1-6-23(7-2)22(26)17-13-24-9-8-15-10-20(27-4)21(28-5)11-16(15)18(24)12-19(17)29-14(3)25/h10-11 17-19H 6-9 12-13H2 1-5H3,JSZILQVIPPROJI-UHFFFAOYSA-N,C22H32N2O5,benzquinamide
COCCOCO/N=C\1/[C@H](C)C[C@@](C)(O)[C@H](O[C@@H]2O[C@H](C)C[C@@H]([C@H]2O)N(C)C)[C@@H](C)[C@H](O[C@@H]2O[C@@H](C)[C@@H]([C@](C2)(C)OC)O)[C@H](C(=O)O[C@@H]([C@@]([C@@H]([C@H]1C)O)(C)O)CC)C,DB00778,drugbank,O(N=C1[C@H](C)[C@@H](O)[C@@](O)(C)[C@@H](CC)OC(=O)[C@H](C)[C@@H](O[C@@H]2O[C@@H](C)[C@H](O)[C@@](OC)(C)C2)[C@H](C)[C@@H](O[C@H]2[C@H](O)[C@@H](N(C)C)C[C@@H](C)O2)[C@@](O)(C)C[C@H]1C)COCCOC,InChI=1S/C41H76N2O15/c1-15-29-41(10 49)34(45)24(4)31(42-53-21-52-17-16-50-13)22(2)19-39(8 48)36(58-38-32(44)28(43(11)12)18-23(3)54-38)25(5)33(26(6)37(47)56-29)57-30-20-40(9 51-14)35(46)27(7)55-30/h22-30 32-36 38 44-46 48-49H 15-21H2 1-14H3/t22- 23- 24+ 25+ 26- 27+ 28+ 29- 30+ 32- 33+ 34- 35+ 36- 38+ 39- 40- 41-/m1/s1,RXZBMPWDPOLZGW-HITVVWEBSA-N,C41H76N2O15,roxiå°?0
Clc1cc(Cl)c(cc1OCC#CI)Cl,DB00793,drugbank,IC#CCOc1c(Cl)cc(Cl)c(Cl)c1,InChI=1S/C9H4Cl3IO/c10-6-4-8(12)9(5-7(6)11)14-3-1-2-13/h4-5H 3H2,CTETYYAZBPJBHE-UHFFFAOYSA-N,C9H4Cl3IO,haloprogin
Clc1ccc2c(c1)C(=NCC(=O)N2CC(F)(F)F)c1ccccc1,DB00801,drugbank,Clc1cc2C(c3ccccc3)=NCC(=O)N(CC(F)(F)F)c2cc1,InChI=1S/C17H12ClF3N2O/c18-12-6-7-14-13(8-12)16(11-4-2-1-3-5-11)22-9-15(24)23(14)10-17(19 20)21/h1-8H 9-10H2,WYCLKVQLVUQKNZ-UHFFFAOYSA-N,C17H12ClF3N2O,halazepam
OC(=O)C(c1ccc2c(c1)[nH]c1c2cc(cc1)Cl)C,DB00821,drugbank,Clc1cc2c([nH]c3c2ccc(C(C(=O)O)C)c3)cc1,InChI=1S/C15H12ClNO2/c1-8(15(18)19)9-2-4-11-12-7-10(16)3-5-13(12)17-14(11)6-9/h2-8 17H 1H3 (H 18 19),PUXBGTOOZJQSKH-UHFFFAOYSA-N,C15H12ClNO2,carprofen
CCn1nc(C(=O)O)c(=O)c2c1cc1OCOc1c2,DB00827,drugbank,O=C(O)C=1C(=O)c2c(N(CC)N=1)cc1OCOc1c2,InChI=1S/C12H10N2O5/c1-2-14-7-4-9-8(18-5-19-9)3-6(7)11(15)10(13-14)12(16)17/h3-4H 2 5H2 1H3 (H 16 17),VDUWPHTZYNWKRN-UHFFFAOYSA-N,C12H10N2O5,cinoxacin
C1CN2C(=N[C@H](C2)c2ccccc2)S1,DB00848,drugbank,[C@@H]1(c2ccccc2)N=C2SCCN2C1,InChI=1S/C11H12N2S/c1-2-4-9(5-3-1)10-8-13-6-7-14-11(13)12-10/h1-5 10H 6-8H2/t10-/m1/s1,HLFSDGLLUJUHTE-SNVBAGLBSA-N,C11H12N2S,levamisole
C=CCc1ccccc1OCC(CNC(C)C)O,DB00866,drugbank,O(CC(O)CNC(C)C)c1c(CC=C)cccc1,InChI=1S/C15H23NO2/c1-4-7-13-8-5-6-9-15(13)18-11-14(17)10-16-12(2)3/h4-6 8-9 12 14 16-17H 1 7 10-11H2 2-3H3,PAZJSJFMUHDSTF-UHFFFAOYSA-N,C15H23NO2,1-(isopropylamino)-3-[2-(prop-2-en-1-yl)phenoxy]propan-2-ol
OC(=O)C(c1ccc(cc1)C(=O)c1cccs1)C,DB00870,drugbank,O=C(O)C(C)c1ccc(C(=O)c2sccc2)cc1,InChI=1S/C14H12O3S/c1-9(14(16)17)10-4-6-11(7-5-10)13(15)12-3-2-8-18-12/h2-9H 1H3 (H 16 17),MDKGKXOCJGEUJW-UHFFFAOYSA-N,C14H12O3S,suprofen
OCCN1CCN(CC1)CC/C=C/1\c2ccccc2Sc2c1cc(cc2)C(F)(F)F,DB00875,drugbank,FC(F)(F)c1cc2/C(=C\CCN3CCN(CCO)CC3)/c3c(Sc2cc1)cccc3,InChI=1S/C23H25F3N2OS/c24-23(25 26)17-7-8-22-20(16-17)18(19-4-1-2-6-21(19)30-22)5-3-9-27-10-12-28(13-11-27)14-15-29/h1-2 4-8 16 29H 3 9-15H2/b18-5-,NJMYODHXAKYRHW-DVZOWYKESA-N,C23H25F3N2OS,ä¼?flupenthixol
Cc1ccc(cc1)C(=O)Oc1cc(ccc1OC(=O)c1ccc(cc1)C)C(CNC(C)(C)C)O,DB00901,drugbank,O=C(Oc1c(OC(=O)c2ccc(C)cc2)ccc(C(O)CNC(C)(C)C)c1)c1ccc(C)cc1,InChI=1S/C28H31NO5/c1-18-6-10-20(11-7-18)26(31)33-24-15-14-22(23(30)17-29-28(3 4)5)16-25(24)34-27(32)21-12-8-19(2)9-13-21/h6-16 23 29-30H 17H2 1-5H3,FZGVEKPRDOIXJY-UHFFFAOYSA-N,C28H31NO5,5-[2-(tert-butylamino)-1-hydroxyethyl]-2-(4-methylbenzoyloxy)phenyl 4-methylbenzoate
N=C(NC(=N)N)NCCc1ccccc1,DB00914,drugbank,N=C(NC(=N)N)NCCc1ccccc1,InChI=1S/C10H15N5/c11-9(12)15-10(13)14-7-6-8-4-2-1-3-5-8/h1-5H 6-7H2 (H6 11 12 13 14 15),ICFJFFQQTFMIBG-UHFFFAOYSA-N,C10H15N5,phenethylbiguanide
CCOC(=O)C=C(C=CC=C(C=Cc1c(C)cc(c(c1C)C)OC)C)C,DB00926,drugbank,O=C(OCC)C=C(C=CC=C(C=Cc1c(C)c(C)c(OC)cc1C)C)C,InChI=1S/C23H30O3/c1-8-26-23(24)14-17(3)11-9-10-16(2)12-13-21-18(4)15-22(25-7)20(6)19(21)5/h9-15H 8H2 1-7H3,HQMNCQVAMBCHCO-UHFFFAOYSA-N,C23H30O3,etretinate
O=C1N(CCc2c1c1ccccc1n2C)Cc1nc[nH]c1C,DB00969,drugbank,O=C1N(Cc2c(C)[nH]cn2)CCc2n(C)c3c(c12)cccc3,InChI=1S/C17H18N4O/c1-11-13(19-10-18-11)9-21-8-7-15-16(17(21)22)12-5-3-4-6-14(12)20(15)2/h3-6 10H 7-9H2 1-2H3 (H 18 19),JSWZEAMFRNKZNL-UHFFFAOYSA-N,C17H18N4O,alosetron
C#CC1(CCCCC1)OC(=O)N,DB01031,drugbank,O=C(OC1(C#C)CCCCC1)N,InChI=1S/C9H13NO2/c1-2-9(12-8(10)11)6-4-3-5-7-9/h1H 3-7H2 (H2 10 11),GXRZIMHKGDIBEW-UHFFFAOYSA-N,C9H13NO2,ethinamate
OCCN1CCN(CC1)CCCN1c2ccccc2Sc2c1cc(cc2)C(=O)CC,DB01038,drugbank,O=C(CC)c1cc2N(CCCN3CCN(CCO)CC3)c3c(Sc2cc1)cccc3,InChI=1S/C24H31N3O2S/c1-2-22(29)19-8-9-24-21(18-19)27(20-6-3-4-7-23(20)30-24)11-5-10-25-12-14-26(15-13-25)16-17-28/h3-4 6-9 18 28H 2 5 10-17H2 1H3,XZSMZRXAEFNJCU-UHFFFAOYSA-N,C24H31N3O2S,carphenazine
O=C1CCC(C(=O)N1)N1C(=O)c2c(C1=O)cccc2,DB01041,drugbank,O=C1C(N2C(=O)c3c(C2=O)cccc3)CCC(=O)N1,InChI=1S/C13H10N2O4/c16-10-6-5-9(11(17)14-10)15-12(18)7-3-1-2-4-8(7)13(15)19/h1-4 9H 5-6H2 (H 14 16 17),UEJJHQNACJXSKW-UHFFFAOYSA-N,C13H10N2O4,thalidomide
CCCCCNC(=N)N/N=C/c1c[nH]c2c1cc(OC)cc2,DB01079,drugbank,O(C)c1cc2c(/C=N/NC(=N)NCCCCC)c[nH]c2cc1,InChI=1S/C16H23N5O/c1-3-4-5-8-18-16(17)21-20-11-12-10-19-15-7-6-13(22-2)9-14(12)15/h6-7 9-11 19H 3-5 8H2 1-2H3 (H3 17 18 21)/b20-11+,IKBKZGMPCYNSLU-RGVLZGJSSA-N,C16H23N5O,tegaserod
CC(CC(C1(CCC1)c1ccc(cc1)Cl)N(C)C)C,DB01105,drugbank,Clc1ccc(C2(C(N(C)C)CC(C)C)CCC2)cc1,InChI=1S/C17H26ClN/c1-13(2)12-16(19(3)4)17(10-5-11-17)14-6-8-15(18)9-7-14/h6-9 13 16H 5 10-12H2 1-4H3,UNAANXDKBXWMLN-UHFFFAOYSA-N,C17H26ClN,sibutramine
CCC1(CC)C(=O)NCC(C1=O)C,DB01107,drugbank,O=C1C(CC)(CC)C(=O)NCC1C,InChI=1S/C10H17NO2/c1-4-10(5-2)8(12)7(3)6-11-9(10)13/h7H 4-6H2 1-3H3 (H 11 13),SIDLZWOQUZRBRU-UHFFFAOYSA-N,C10H17NO2,dimerin
N#CC1=C(O)[C@@H]2[C@]3([C@@](C1)(C)[C@H]1CC[C@]4([C@H]([C@@H]1CC3)CC[C@@H]4O)C)O2,DB01108,drugbank,O[C@@H]1[C@]2(C)[C@H]([C@H]3[C@@H]([C@]4(C)[C@@]5(O[C@@H]5C(O)=C(C#N)C4)CC3)CC2)CC1,InChI=1S/C20H27NO3/c1-18-7-6-14-12(13(18)3-4-15(18)22)5-8-20-17(24-20)16(23)11(10-21)9-19(14 20)2/h12-15 17 22-23H 3-9H2 1-2H3/t12- 13- 14- 15- 17+ 18- 19+ 20+/m0/s1,KVJXBPDAXMEYOA-CXANFOAXSA-N,C20H27NO3,(1S 2R 6R 8S 11S 12S 15S 16S)-5 15-dihydroxy-2 16-dimethyl-7-oxapentacyclo[9.7.0.0^{2 8}.0^{6 8}.0^{12 16}]octadec-4-ene-4-carbonitrile
O=C([C@@H](c1ccc(cc1)O)N)N[C@@H]1C(=O)N2[C@@H]1SCC(=C2C(=O)O)C,DB01140,drugbank,O=C(N[C@@H]1C(=O)N2C(C(=O)O)=C(C)CS[C@H]12)[C@H](N)c1ccc(O)cc1,InChI=1S/C16H17N3O5S/c1-7-6-25-15-11(14(22)19(15)12(7)16(23)24)18-13(21)10(17)8-2-4-9(20)5-3-8/h2-5 10-11 15 20H 6 17H2 1H3 (H 18 21)(H 23 24)/t10- 11- 15-/m1/s1,BOEGTKLJZSQCCD-UEKVPHQBSA-N,C16H17N3O5S,cephadroxil
CCc1nn(c(=O)n1CCOc1ccccc1)CCCN1CCN(CC1)c1cccc(c1)Cl,DB01149,drugbank,Clc1cc(N2CCN(CCCN3C(=O)N(CCOc4ccccc4)C(CC)=N3)CC2)ccc1,InChI=1S/C25H32ClN5O2/c1-2-24-27-31(25(32)30(24)18-19-33-23-10-4-3-5-11-23)13-7-12-28-14-16-29(17-15-28)22-9-6-8-21(26)20-22/h3-6 8-11 20H 2 7 12-19H2 1H3,VRBKIVRKKCLPHA-UHFFFAOYSA-N,C25H32ClN5O2,nefazodone
OC(=O)[C@@H]1N2C(=O)[C@H]([C@H]2SC1(C)C)/N=C\N1CCCCCC1,DB01163,drugbank,O=C(O)[C@H]1C(C)(C)S[C@@H]2[C@H](N=CN3CCCCCC3)C(=O)N12,InChI=1S/C15H23N3O3S/c1-15(2)11(14(20)21)18-12(19)10(13(18)22-15)16-9-17-7-5-3-4-6-8-17/h9-11 13H 3-8H2 1-2H3 (H 20 21)/t10- 11+ 13-/m1/s1,BWWVAEOLVKTZFQ-NTZNESFSSA-N,C15H23N3O3S,mecillinam
CN1C(=O)CCS(=O)(=O)C1c1ccc(cc1)Cl,DB01178,drugbank,Clc1ccc(C2S(=O)(=O)CCC(=O)N2C)cc1,InChI=1S/C11H12ClNO3S/c1-13-10(14)6-7-17(15 16)11(13)8-2-4-9(12)5-3-8/h2-5 11H 6-7H2 1H3,WEQAYVWKMWHEJO-UHFFFAOYSA-N,C11H12ClNO3S,muskel
CCCN1C[C@H](CSC)C[C@H]2[C@H]1Cc1c[nH]c3c1c2ccc3,DB01186,drugbank,S(C[C@H]1CN(CCC)[C@H]2[C@@H](c3c4c([nH]cc4C2)ccc3)C1)C,InChI=1S/C19H26N2S/c1-3-7-21-11-13(12-22-2)8-16-15-5-4-6-17-19(15)14(10-20-17)9-18(16)21/h4-6 10 13 16 18 20H 3 7-9 11-12H2 1-2H3/t13- 16- 18-/m1/s1,YEHCICAEULNIGD-MZMPZRCHSA-N,C19H26N2S,pergolide
CCN[C@H](Cc1cccc(c1)C(F)(F)F)C,DB01191,drugbank,FC(F)(F)c1cc(C[C@@H](NCC)C)ccc1,InChI=1S/C12H16F3N/c1-3-16-9(2)7-10-5-4-6-11(8-10)12(13 14)15/h4-6 8-9 16H 3 7H2 1-2H3/t9-/m0/s1,DBGIVFWFUFKIQN-VIFPVBQESA-N,C12H16F3N,dexfenfluramine
O=C(c1cc(OCC(F)(F)F)ccc1OCC(F)(F)F)NCC1CCCCN1,DB01195,drugbank,FC(F)(F)COc1c(C(=O)NCC2NCCCC2)cc(OCC(F)(F)F)cc1,InChI=1S/C17H20F6N2O3/c18-16(19 20)9-27-12-4-5-14(28-10-17(21 22)23)13(7-12)15(26)25-8-11-3-1-2-6-24-11/h4-5 7 11 24H 1-3 6 8-10H2 (H 25 26),DJBNUMBKLMJRSA-UHFFFAOYSA-N,C17H20F6N2O3,flecainide
C[C@@H]1N[C@H](C)CN(C1)c1c(F)c(N)c2c(c1F)n(cc(c2=O)C(=O)O)C1CC1,DB01208,drugbank,Fc1c(N2C[C@@H](C)N[C@@H](C)C2)c(F)c2N(C3CC3)C=C(C(=O)O)C(=O)c2c1N,InChI=1S/C19H22F2N4O3/c1-8-5-24(6-9(2)23-8)17-13(20)15(22)12-16(14(17)21)25(10-3-4-10)7-11(18(12)26)19(27)28/h7-10 23H 3-6 22H2 1-2H3 (H 27 28)/t8- 9+,DZZWHBIBMUVIIW-DTORHVGOSA-N,C19H22F2N4O3,sparfloxacin
COc1ccc(cc1)C(=O)Nc1ccccc1CCC1CCCCN1C,DB01228,drugbank,O=C(Nc1c(CCC2N(C)CCCC2)cccc1)c1ccc(OC)cc1,InChI=1S/C22H28N2O2/c1-24-16-6-5-8-19(24)13-10-17-7-3-4-9-21(17)23-22(25)18-11-14-20(26-2)15-12-18/h3-4 7 9 11-12 14-15 19H 5-6 8 10 13 16H2 1-2H3 (H 23 25),PJWPNDMDCLXCOM-UHFFFAOYSA-N,C22H28N2O2,encainide
O=C1N=C(OC1c1ccccc1)N,DB01230,drugbank,O=C1C(c2ccccc2)OC(N)=N1,InChI=1S/C9H8N2O2/c10-9-11-8(12)7(13-9)6-4-2-1-3-5-6/h1-5 7H (H2 10 11 12),NRNCYVBFPDDJNE-UHFFFAOYSA-N,C9H8N2O2,pemoline
OC(c1ccccc1)(c1ccccc1)CCCN1CCCCC1,DB01231,drugbank,OC(CCCN1CCCCC1)(c1ccccc1)c1ccccc1,InChI=1S/C21H27NO/c23-21(19-11-4-1-5-12-19 20-13-6-2-7-14-20)15-10-18-22-16-8-3-9-17-22/h1-2 4-7 11-14 23H 3 8-10 15-18H2,OGAKLTJNUQRZJU-UHFFFAOYSA-N,C21H27NO,diphenidol
CN(CC/C=C\1/c2ccccc2Sc2c1cc(Cl)cc2)C,DB01239,drugbank,Clc1cc2C(=CCCN(C)C)c3c(Sc2cc1)cccc3,InChI=1S/C18H18ClNS/c1-20(2)11-5-7-14-15-6-3-4-8-17(15)21-18-10-9-13(19)12-16(14)18/h3-4 6-10 12H 5 11H2 1-2H3,WSPOMRSOLSGNFJ-UHFFFAOYSA-N,C18H18ClNS,chlorprothixene
CC(COCC(N1CCCC1)CN(c1ccccc1)Cc1ccccc1)C,DB01244,drugbank,O(CC(C)C)CC(CN(Cc1ccccc1)c1ccccc1)N1CCCC1,InChI=1S/C24H34N2O/c1-21(2)19-27-20-24(25-15-9-10-16-25)18-26(23-13-7-4-8-14-23)17-22-11-5-3-6-12-22/h3-8 11-14 21 24H 9-10 15-20H2 1-2H3,UIEATEWHFDRYRU-UHFFFAOYSA-N,C24H34N2O,bepridil
COCC(=O)O[C@]1(CCN(CCCc2nc3c([nH]2)cccc3)C)CCc2c([C@@H]1C(C)C)ccc(c2)F,DB01388,drugbank,Fc1cc2c([C@H](C(C)C)[C@@](OC(=O)COC)(CCN(CCCc3[nH]c4c(n3)cccc4)C)CC2)cc1,InChI=1S/C29H38FN3O3/c1-20(2)28-23-12-11-22(30)18-21(23)13-14-29(28 36-27(34)19-35-4)15-17-33(3)16-7-10-26-31-24-8-5-6-9-25(24)32-26/h5-6 8-9 11-12 18 20 28H 7 10 13-17 19H2 1-4H3 (H 31 32)/t28- 29-/m0/s1,HBNPJJILLOYFJU-VMPREFPWSA-N,C29H38FN3O3,mibefradil
CC1NCCN(C1)c1cc2n(cc(c(=O)c2cc1F)C(=O)O)c1ccc(cc1F)F,DB01405,drugbank,Fc1c(N2c3c(C(=O)C(C(=O)O)=C2)cc(F)c(N2CC(C)NCC2)c3)ccc(F)c1,InChI=1S/C21H18F3N3O3/c1-11-9-26(5-4-25-11)19-8-18-13(7-16(19)24)20(28)14(21(29)30)10-27(18)17-3-2-12(22)6-15(17)23/h2-3 6-8 10-11 25H 4-5 9H2 1H3 (H 29 30),QKDHBVNJCZBTMR-UHFFFAOYSA-N,C21H18F3N3O3,temafloxacin
CCC(=O)O[C@H]1CC[C@@H]2[C@]1(C)CC[C@H]1[C@H]2CCC2=CC(=O)CC[C@]12C,DB01420,drugbank,O=C(O[C@@H]1[C@]2(C)[C@H]([C@H]3[C@@H]([C@]4(C)C(=CC(=O)CC4)CC3)CC2)CC1)CC,InChI=1S/C22H32O3/c1-4-20(24)25-19-8-7-17-16-6-5-14-13-15(23)9-11-21(14 2)18(16)10-12-22(17 19)3/h13 16-19H 4-12H2 1-3H3/t16- 17- 18- 19- 21- 22-/m0/s1,PDMMFKSKQVNJMI-BLQWBTBKSA-N,C22H32O3,androgen
CN(c1c(C)n(n(c1=O)c1ccccc1)C)C,DB01424,drugbank,O=C1N(N(C)C(C)=C1N(C)C)c1ccccc1,InChI=1S/C13H17N3O/c1-10-12(14(2)3)13(17)16(15(10)4)11-8-6-5-7-9-11/h5-9H 1-4H3,RMMXTBMQSGEXHJ-UHFFFAOYSA-N,C13H17N3O,aminophenazone
CCC(=O)n1c(=O)n(c2c1cccc2)C1CCN(CC1)CCC(c1ccccc1)(c1ccccc1)C#N,DB01459,drugbank,O=C(CC)N1C(=O)N(C2CCN(CCC(C#N)(c3ccccc3)c3ccccc3)CC2)c2c1cccc2,InChI=1S/C31H32N4O2/c1-2-29(36)35-28-16-10-9-15-27(28)34(30(35)37)26-17-20-33(21-18-26)22-19-31(23-32 24-11-5-3-6-12-24)25-13-7-4-8-14-25/h3-16 26H 2 17-22H2 1H3,FLKWNFFCSSJANB-UHFFFAOYSA-N,C31H32N4O2,bezitramide
CCNC1C2CCC(C1c1ccccc1)C2,DB01463,drugbank,N(CC)C1C(c2ccccc2)C2CC1CC2,InChI=1S/C15H21N/c1-2-16-15-13-9-8-12(10-13)14(15)11-6-4-3-5-7-11/h3-7 12-16H 2 8-10H2 1H3,IKFBPFGUINLYQI-UHFFFAOYSA-N,C15H21N,fencamfamine
CC[C@]1(O)CC[C@@H]2[C@]1(C)CC[C@H]1[C@H]2CCC2=CCCC[C@H]12,DB01493,drugbank,O[C@]1(CC)[C@]2(C)[C@H]([C@H]3[C@@H]([C@@H]4C(=CCCC4)CC3)CC2)CC1,InChI=1S/C20H32O/c1-3-20(21)13-11-18-17-9-8-14-6-4-5-7-15(14)16(17)10-12-19(18 20)2/h6 15-18 21H 3-5 7-13H2 1-2H3/t15- 16+ 17+ 18- 19- 20-/m0/s1,AOXRBFRFYPMWLR-XGXHKTLJSA-N,C20H32O,ethylestrenol
OC(C(Cl)(Cl)Cl)O.[O-]C(=O)C[N+](C)(C)C,DB01494,drugbank,ClC(Cl)(Cl)C(O)O.O=C([O-])C[N+](C)(C)C,InChI=1S/C5H11NO2.C2H3Cl3O2/c1-6(2 3)4-5(7)8;3-2(4 5)1(6)7/h4H2 1-3H3;1 6-7H,ONAOIDNSINNZOA-UHFFFAOYSA-N,C7H14Cl3NO4,Bet; chloral hydrate
CCC(Cc1c[nH]c2c1cccc2)N,DB01546,drugbank,NC(CC)Cc1c2c([nH]c1)cccc2,InChI=1S/C12H16N2/c1-2-10(13)7-9-8-14-12-6-4-3-5-11(9)12/h3-6 8 10 14H 2 7 13H2 1H3,ZXUMUPVQYAFTLF-UHFFFAOYSA-N,C12H16N2,ä¼?ethyltryptamine
CC(Cc1ccccc1)NCCC#N,DB01550,drugbank,N#CCCNC(Cc1ccccc1)C,InChI=1S/C12H16N2/c1-11(14-9-5-8-13)10-12-6-3-2-4-7-12/h2-4 6-7 11 14H 5 9-10H2 1H3,IQUFSXIQAFPIMR-UHFFFAOYSA-N,C12H16N2,fenproporex
CC(Cc1ccc(cc1)Cl)(N)C,DB01556,drugbank,Clc1ccc(CC(N)(C)C)cc1,InChI=1S/C10H14ClN/c1-10(2 12)7-8-3-5-9(11)6-4-8/h3-6H 7 12H2 1-2H3,ZCKAMNXUHHNZLN-UHFFFAOYSA-N,C10H14ClN,chlorphentermine
COc1ccc2c(c1C(F)(F)F)cccc2C(=S)N(CC(=O)O)C,DB02383,drugbank,S=C(N(CC(=O)O)C)c1c2c(c(C(F)(F)F)c(OC)cc2)ccc1,InChI=1S/C16H14F3NO3S/c1-20(8-13(21)22)15(24)11-5-3-4-10-9(11)6-7-12(23-2)14(10)16(17 18)19/h3-7H 8H2 1-2H3 (H 21 22),LUBHDINQXIHVLS-UHFFFAOYSA-N,C16H14F3NO3S,tolrestat
CCCCC1C(=O)N(N(C1=O)c1ccc(cc1)O)c1ccccc1,DB03585,drugbank,O=C1N(N(c2ccccc2)C(=O)C1CCCC)c1ccc(O)cc1,InChI=1S/C19H20N2O3/c1-2-3-9-17-18(23)20(14-7-5-4-6-8-14)21(19(17)24)15-10-12-16(22)13-11-15/h4-8 10-13 17 22H 2-3 9H2 1H3,HFHZKZSRXITVMK-UHFFFAOYSA-N,C19H20N2O3,oxyphenbutazone
CCOc1ccc(cc1)NC(=O)C,DB03783,drugbank,O=C(Nc1ccc(OCC)cc1)C,InChI=1S/C10H13NO2/c1-3-13-10-6-4-9(5-7-10)11-8(2)12/h4-7H 3H2 1-2H3 (H 11 12),CPJSUEIXXCENMM-UHFFFAOYSA-N,C10H13NO2,phenacetin
[O-][N+](=O)c1ccc(c(c1)Oc1ccccc1)NS(=O)(=O)C,DB04743,drugbank,S(=O)(=O)(Nc1c(Oc2ccccc2)cc([N+](=O)[O-])cc1)C,InChI=1S/C13H12N2O5S/c1-21(18 19)14-12-8-7-10(15(16)17)9-13(12)20-11-5-3-2-4-6-11/h2-9 14H 1H3,HYWYRSMBCFDLJT-UHFFFAOYSA-N,C13H12N2O5S,nimesulide
OC(=O)C(c1ccc2c(c1)nc(o2)c1ccc(cc1)Cl)C,DB04812,drugbank,Clc1ccc(-c2oc3c(n2)cc(C(C(=O)O)C)cc3)cc1,InChI=1S/C16H12ClNO3/c1-9(16(19)20)11-4-7-14-13(8-11)18-15(21-14)10-2-5-12(17)6-3-10/h2-9H 1H3 (H 19 20),MITFXPHMIHQXPI-UHFFFAOYSA-N,C16H12ClNO3,benoxaprofen
Clc1cc(Sc2cc(Cl)cc(c2O)Cl)c(c(c1)Cl)O,DB04813,drugbank,Clc1c(O)c(Sc2c(O)c(Cl)cc(Cl)c2)cc(Cl)c1,InChI=1S/C12H6Cl4O2S/c13-5-1-7(15)11(17)9(3-5)19-10-4-6(14)2-8(16)12(10)18/h1-4 17-18H,JFIOVJDNOJYLKP-UHFFFAOYSA-N,C12H6Cl4O2S,bitin
CCCC(=O)Nc1c(I)cc(c(c1I)/C=C(\C(=O)O)/CC)I,DB04814,drugbank,Ic1c(NC(=O)CCC)c(I)cc(I)c1/C=C(/C(=O)O)\CC,InChI=1S/C15H16I3NO3/c1-3-5-12(20)19-14-11(17)7-10(16)9(13(14)18)6-8(4-2)15(21)22/h6-7H 3-5H2 1-2H3 (H 19 20)(H 21 22)/b8-6+,CWRBDUIQDIHWJZ-SOFGYWHQSA-N,C15H16I3NO3,bunamiodyl
Ic1cc(Cl)c2c(c1O)nccc2,DB04815,drugbank,Ic1c(O)c2ncccc2c(Cl)c1,InChI=1S/C9H5ClINO/c10-6-4-7(11)9(13)8-5(6)2-1-3-12-8/h1-4 13H,QCDFBFJGMNKBDO-UHFFFAOYSA-N,C9H5ClINO,clioquinol
Oc1cccc2c1C(=O)c1c(C2=O)cccc1O,DB04816,drugbank,O=C1c2c(O)cccc2C(=O)c2c1c(O)ccc2,InChI=1S/C14H8O4/c15-9-5-1-3-7-11(9)14(18)12-8(13(7)17)4-2-6-10(12)16/h1-6 15-16H,QBPFLULOKWLNNW-UHFFFAOYSA-N,C14H8O4,altan
CN(c1c(C)n(n(c1=O)c1ccccc1)C)CS(=O)(=O)O,DB04817,drugbank,S(=O)(=O)(O)CN(C)C=1C(=O)N(N(C)C=1C)c1ccccc1,InChI=1S/C13H17N3O4S/c1-10-12(14(2)9-21(18 19)20)13(17)16(15(10)3)11-7-5-4-6-8-11/h4-8H 9H2 1-3H3 (H 18 19 20),LVWZTYCIRDMTEY-UHFFFAOYSA-N,C13H17N3O4S,metamizole
CC(NNC(=O)c1ccncc1)C,DB04818,drugbank,O=C(NNC(C)C)c1ccncc1,InChI=1S/C9H13N3O/c1-7(2)11-12-9(13)8-3-5-10-6-4-8/h3-7 11H 1-2H3 (H 12 13),NYMGNSNKLVNMIA-UHFFFAOYSA-N,C9H13N3O,iproniazid
CN(CCN(c1ccccn1)Cc1cccs1)C.Cl,DB04819,drugbank,N(CCN(Cc1sccc1)c1ncccc1)(C)C.Cl,InChI=1S/C14H19N3S.ClH/c1-16(2)9-10-17(12-13-6-5-11-18-13)14-7-3-4-8-15-14;/h3-8 11H 9-10 12H2 1-2H3;1H,BONORRGKLJBGRV-UHFFFAOYSA-N,C14H20ClN3S,rest-on hydrochloride
O=C(NCc1ccccc1)CCNNC(=O)c1ccncc1,DB04820,drugbank,O=C(NCc1ccccc1)CCNNC(=O)c1ccncc1,InChI=1S/C16H18N4O2/c21-15(18-12-13-4-2-1-3-5-13)8-11-19-20-16(22)14-6-9-17-10-7-14/h1-7 9-10 19H 8 11-12H2 (H 18 21)(H 20 22),NOIIUHRQUVNIDD-UHFFFAOYSA-N,C16H18N4O2,nialamide
CN1CC(c2ccccc2)c2c(C1)c(N)ccc2,DB04821,drugbank,Nc1c2c(C(c3ccccc3)CN(C)C2)ccc1,InChI=1S/C16H18N2/c1-18-10-14(12-6-3-2-4-7-12)13-8-5-9-16(17)15(13)11-18/h2-9 14H 10-11 17H2 1H3,XXPANQJNYNUNES-UHFFFAOYSA-N,C16H18N2,nomifensine
CCN(CCOCCOC(=O)C(c1ccccc1)(CC)CC)CC,DB04822,drugbank,O=C(OCCOCCN(CC)CC)C(CC)(CC)c1ccccc1,InChI=1S/C20H33NO3/c1-5-20(6-2 18-12-10-9-11-13-18)19(22)24-17-16-23-15-14-21(7-3)8-4/h9-13H 5-8 14-17H2 1-4H3,IQADUMSPOQKAAO-UHFFFAOYSA-N,C20H33NO3,oxeladin
Oc1ccc(cc1)C1(c2ccc(cc2)O)C(=O)Nc2c1cccc2,DB04823,drugbank,O=C1C(c2ccc(O)cc2)(c2ccc(O)cc2)c2c(N1)cccc2,InChI=1S/C20H15NO3/c22-15-9-5-13(6-10-15)20(14-7-11-16(23)12-8-14)17-3-1-2-4-18(17)21-19(20)24/h1-12 22-23H (H 21 24),SJDACOMXKWHBOW-UHFFFAOYSA-N,C20H15NO3,oxyphenisatin
Oc1ccc(cc1)C1(OC(=O)c2c1cccc2)c1ccc(cc1)O,DB04824,drugbank,O=C1OC(c2ccc(O)cc2)(c2ccc(O)cc2)c2c1cccc2,InChI=1S/C20H14O4/c21-15-9-5-13(6-10-15)20(14-7-11-16(22)12-8-14)18-4-2-1-3-17(18)19(23)24-20/h1-12 21-22H,KJFMBFZCATUALV-UHFFFAOYSA-N,C20H14O4,phenolphthalein
CC(Cc1ccccc1)NCCC(c1ccccc1)c1ccccc1,DB04825,drugbank,N(C(Cc1ccccc1)C)CCC(c1ccccc1)c1ccccc1,InChI=1S/C24H27N/c1-20(19-21-11-5-2-6-12-21)25-18-17-24(22-13-7-3-8-14-22)23-15-9-4-10-16-23/h2-16 20 24-25H 17-19H2 1H3,IFFPICMESYHZPQ-UHFFFAOYSA-N,C24H27N,prenylamine
CN1CCC(CC1)N(c1ccccc1)Cc1cccs1,DB04826,drugbank,N(Cc1sccc1)(c1ccccc1)C1CCN(C)CC1,InChI=1S/C17H22N2S/c1-18-11-9-16(10-12-18)19(14-17-8-5-13-20-17)15-6-3-2-4-7-15/h2-8 13 16H 9-12 14H2 1H3,KLOHYVOVXOUKQI-UHFFFAOYSA-N,C17H22N2S,thenalidine
CCOC(=O)N,DB04827,drugbank,O=C(OCC)N,InChI=1S/C3H7NO2/c1-2-6-3(4)5/h2H2 1H3 (H2 4 5),JOYRKODLDBILNP-UHFFFAOYSA-N,C3H7NO2,urethane
OC(=O)Cc1cc(c(n1C)C(=O)c1ccc(cc1)Cl)C,DB04828,drugbank,Clc1ccc(C(=O)c2n(C)c(CC(=O)O)cc2C)cc1,InChI=1S/C15H14ClNO3/c1-9-7-12(8-13(18)19)17(2)14(9)15(20)10-3-5-11(16)6-4-10/h3-7H 8H2 1-2H3 (H 18 19),ZXVNMYWKKDOREA-UHFFFAOYSA-N,C15H14ClNO3,zomepirac
CCN(C(=O)[C@H]1CN(C)[C@H]2C(=C1)c1cccc3c1c(C2)c[nH]3)CC,DB04829,drugbank,O=C(N(CC)CC)[C@@H]1C=C2[C@H](N(C)C1)Cc1c3c([nH]c1)cccc23,InChI=1S/C20H25N3O/c1-4-23(5-2)20(24)14-9-16-15-7-6-8-17-19(15)13(11-21-17)10-18(16)22(3)12-14/h6-9 11 14 18 21H 4-5 10 12H2 1-3H3/t14- 18-/m1/s1,VAYOSLLFUXYJDT-RDTXWAMCSA-N,C20H25N3O,lysergic acid diethylamide
CCCC/N=C(\N=C(N)N)/N,DB04830,drugbank,N(/C(=N/CCCC)/N)=C(N)N,InChI=1S/C6H15N5/c1-2-3-4-10-6(9)11-5(7)8/h2-4H2 1H3 (H6 7 8 9 10 11),XSEUMFJMFFMCIU-UHFFFAOYSA-N,C6H15N5,buformin
OC(=O)COc1ccc(c(c1Cl)Cl)C(=O)c1cccs1,DB04831,drugbank,Clc1c(Cl)c(C(=O)c2sccc2)ccc1OCC(=O)O,InChI=1S/C13H8Cl2O4S/c14-11-7(13(18)9-2-1-5-20-9)3-4-8(12(11)15)19-6-10(16)17/h1-5H 6H2 (H 16 17),AGHANLSBXUWXTB-UHFFFAOYSA-N,C13H8Cl2O4S,ticrynafen
CN(CC=C(c1cccnc1)c1ccc(cc1)Br)C,DB04832,drugbank,Brc1ccc(C(=CCN(C)C)c2cnccc2)cc1,InChI=1S/C16H17BrN2/c1-19(2)11-9-16(14-4-3-10-18-12-14)13-5-7-15(17)8-6-13/h3-10 12H 11H2 1-2H3,OYPPVKRFBIWMSX-UHFFFAOYSA-N,C16H17BrN2,zelmid
Cc1nc2ccccc2c(=O)n1c1ccccc1C,DB04833,drugbank,O=C1N(c2c(C)cccc2)C(C)=Nc2c1cccc2,InChI=1S/C16H14N2O/c1-11-7-3-6-10-15(11)18-12(2)17-14-9-5-4-8-13(14)16(18)19/h3-10H 1-2H3,JEYCTXHKTXCGPB-UHFFFAOYSA-N,C16H14N2O,sonal
C=CC[N+]1(CCCCC1)[C@H]1C[C@@H]2[C@]([C@H]1OC(=O)CC)(C)CC[C@H]1[C@H]2CC[C@@H]2[C@]1(C)C[C@@H]([C@H](C2)OC(=O)C)N1CCCCC1,DB04834,drugbank,O=C(O[C@H]1[C@@H]([N+]2(CC=C)CCCCC2)C[C@@H]2[C@]1(C)CC[C@@H]1[C@]3(C)[C@H](C[C@H](OC(=O)C)[C@@H](N4CCCCC4)C3)CC[C@@H]21)CC,InChI=1S/C37H61N2O4/c1-6-20-39(21-12-9-13-22-39)32-24-30-28-15-14-27-23-33(42-26(3)40)31(38-18-10-8-11-19-38)25-37(27 5)29(28)16-17-36(30 4)35(32)43-34(41)7-2/h6 27-33 35H 1 7-25H2 2-5H3/q+1/t27- 28+ 29- 30- 31- 32- 33- 35- 36- 37-/m0/s1,HTIKWNNIPGXLGM-YLINKJIISA-N,C37H61N2O4,1-[(1S 2S 4S 5S 7S 10R 11S 13S 14R 15S)-5-(acetyloxy)-2 15-dimethyl-4-(piperidin-1-yl)-14-(propanoyloxy)tetracyclo[8.7.0.0è™?éˆ?0é¹¿é¹¿ é¹¿éˆ¦ç¤­heptadecan-13-yl]-1-(prop-2-en-1-yl)piperidin-1-ium
OC(=O)CCCCCC[NH2+]C1c2ccccc2CCc2c1cccc2.[Cl-],DB04836,drugbank,O=C(O)CCCCCC[N+H2]C1c2c(cccc2)CCc2c1cccc2.[Cl-],InChI=1S/C22H27NO2.ClH/c24-21(25)13-3-1-2-8-16-23-22-19-11-6-4-9-17(19)14-15-18-10-5-7-12-20(18)22;/h4-7 9-12 22-23H 1-3 8 13-16H2 (H 24 25);1H,VDPUXONTAVMIKZ-UHFFFAOYSA-N,C22H28ClNO2,N-(6-carboxyhexyl)tricyclo[9.4.0.0é²?éˆ¦ç«‡pentadeca-1(15) 3 5 7 11 13-hexaen-2-aminium chloride
CN(CCC(c1ccccc1Cl)(c1ccccc1)O)C,DB04837,drugbank,Clc1c(C(O)(CCN(C)C)c2ccccc2)cccc1,InChI=1S/C17H20ClNO/c1-19(2)13-12-17(20 14-8-4-3-5-9-14)15-10-6-7-11-16(15)18/h3-11 20H 12-13H2 1-2H3,WRCHFMBCVFFYEQ-UHFFFAOYSA-N,C17H20ClNO,baltix
CCOC(=O)CN[C@@H](C(=O)N1CC[C@H]1C(=O)NCc1ccc(cc1)/C(=N\O)/N)C1CCCCC1,DB04898,drugbank,O=C(OCC)CN[C@@H](C(=O)N1[C@H](C(=O)NCc2ccc(/C(=N/O)/N)cc2)CC1)C1CCCCC1,InChI=1S/C24H35N5O5/c1-2-34-20(30)15-26-21(17-6-4-3-5-7-17)24(32)29-13-12-19(29)23(31)27-14-16-8-10-18(11-9-16)22(25)28-33/h8-11 17 19 21 26 33H 2-7 12-15H2 1H3 (H2 25 28)(H 27 31)/t19- 21+/m0/s1,ZXIBCJHYVWYIKI-PZJWPPBQSA-N,C24H35N5O5,ximelagatran
CCC[C@@H](C(=O)C(=O)NC1CC1)NC(=O)[C@@H]1[C@H]2CCC[C@H]2CN1C(=O)[C@H](C(C)(C)C)NC(=O)[C@H](C1CCCCC1)NC(=O)c1nccnc1,DB05521,drugbank,O=C(N[C@@H](C(C)(C)C)C(=O)N1[C@H](C(=O)N[C@H](C(=O)C(=O)NC2CC2)CCC)[C@@H]2[C@H](C1)CCC2)[C@@H](NC(=O)c1nccnc1)C1CCCCC1,InChI=1S/C36H53N7O6/c1-5-10-25(29(44)34(48)39-23-15-16-23)40-33(47)28-24-14-9-13-22(24)20-43(28)35(49)30(36(2 3)4)42-32(46)27(21-11-7-6-8-12-21)41-31(45)26-19-37-17-18-38-26/h17-19 21-25 27-28 30H 5-16 20H2 1-4H3 (H 39 48)(H 40 47)(H 41 45)(H 42 46)/t22- 24- 25- 27- 28- 30+/m0/s1,BBAWEDCPNXPBQM-GDEBMMAJSA-N,C36H53N7O6,incivek
Clc1ccc2c(c1)c(cn2c1ccc(cc1)F)C1CCN(CC1)CCN1CCNC1=O,DB06144,drugbank,Clc1cc2c(C3CCN(CCN4C(=O)NCC4)CC3)cn(-c3ccc(F)cc3)c2cc1,InChI=1S/C24H26ClFN4O/c25-18-1-6-23-21(15-18)22(16-30(23)20-4-2-19(26)3-5-20)17-7-10-28(11-8-17)13-14-29-12-9-27-24(29)31/h1-6 15-17H 7-14H2 (H 27 31),GZKLJWGUPQBVJQ-UHFFFAOYSA-N,C24H26ClFN4O,sertindole
C=C1CC[C@@]2([C@@]34[C@H]1Oc1c4c(C[C@H]2N(CC3)CC2CC2)ccc1O)O,DB06230,drugbank,Oc1c2O[C@H]3C(=C)CC[C@@]4(O)[C@@H]5N(CC6CC6)CC[C@]34c2c(cc1)C5,InChI=1S/C21H25NO3/c1-12-6-7-21(24)16-10-14-4-5-15(23)18-17(14)20(21 19(12)25-18)8-9-22(16)11-13-2-3-13/h4-5 13 16 19 23-24H 1-3 6-11H2/t16- 19+ 20+ 21-/m1/s1,WJBLNOPPDWQMCH-MBPVOVBZSA-N,C21H25NO3,(1S 5R 13S 17S)-4-(cyclopropylmethyl)-14-methylidene-12-oxa-4-azapentacyclo[9.6.1.0^{1 13}.0^{5 17}.0^{7 18}]octadeca-7(18) 8 10-triene-10 17-diol
NCCCC(C(=O)O)(C(F)F)N,DB06243,drugbank,FC(F)C(N)(C(=O)O)CCCN,InChI=1S/C6H12F2N2O2/c7-4(8)6(10 5(11)12)2-1-3-9/h4H 1-3 9-10H2 (H 11 12),VLCYCQAOQCDTCN-UHFFFAOYSA-N,C6H12F2N2O2,vaniqa
O=C(c1sccc1S(=O)(=O)Nc1onc(c1Cl)C)Cc1cc2OCOc2cc1C,DB06268,drugbank,Clc1c(NS(=O)(=O)c2c(C(=O)Cc3c(C)cc4OCOc4c3)scc2)onc1C,InChI=1S/C18H15ClN2O6S2/c1-9-5-13-14(26-8-25-13)7-11(9)6-12(22)17-15(3-4-28-17)29(23 24)21-18-16(19)10(2)20-27-18/h3-5 7 21H 6 8H2 1-2H3,PHWXUGHIIBDVKD-UHFFFAOYSA-N,C18H15ClN2O6S2,thelin
ClCC(=O)[C@@]12OC(O[C@@H]1C[C@@H]1[C@]2(C)C[C@H](O)[C@]2([C@H]1CCC1=CC(=O)CC[C@]21C)F)(C)C,DB06786,drugbank,ClCC(=O)[C@]12[C@]3(C)[C@H]([C@H]4[C@](F)([C@@H](O)C3)[C@]3(C)C(=CC(=O)CC3)CC4)C[C@H]1OC(C)(C)O2,InChI=1S/C24H32ClFO5/c1-20(2)30-19-10-16-15-6-5-13-9-14(27)7-8-21(13 3)23(15 26)17(28)11-22(16 4)24(19 31-20)18(29)12-25/h9 15-17 19 28H 5-8 10-12H2 1-4H3/t15- 16- 17- 19+ 21- 22- 23- 24+/m0/s1,MUQNGPZZQDCDFT-JNQJZLCISA-N,C24H32ClFO5,halog
CCC(=O)O[C@@](c1ccccc1)([C@H](CN(C)C)C)Cc1ccccc1,DB06793,drugbank,O=C(O[C@@]([C@H](CN(C)C)C)(Cc1ccccc1)c1ccccc1)CC,InChI=1S/C22H29NO2/c1-5-21(24)25-22(18(2)17-23(3)4 20-14-10-7-11-15-20)16-19-12-8-6-9-13-19/h6-15 18H 5 16-17H2 1-4H3/t18- 22+/m0/s1,XLMALTXPSGQGBX-PGRDOPGGSA-N,C22H29NO2,levopropoxyphene
[O-]C(=O)CN(Cc1cc(COP(=O)(O)O)nc(c1O)C)CCN(Cc1cc(COP(=O)(O)O)nc(c1O)C)CC(=O)[O-].[Mn+2],DB06796,drugbank,P(=O)(OCc1nc(C)c(O)c(CN(CC(=O)[O-])CCN(CC(=O)[O-])Cc2c(O)c(C)nc(COP(=O)(O)O)c2)c1)(O)O.[Mn+2],InChI=1S/C22H32N4O14P2.Mn/c1-13-21(31)15(5-17(23-13)11-39-41(33 34)35)7-25(9-19(27)28)3-4-26(10-20(29)30)8-16-6-18(12-40-42(36 37)38)24-14(2)22(16)32;/h5-6 31-32H 3-4 7-12H2 1-2H3 (H 27 28)(H 29 30)(H2 33 34 35)(H2 36 37 38);/q;+2/p-2,CXFKOLCMCRBYPL-UHFFFAOYSA-L,C22H30MnN4O14P2,manganese(2+) ion 2-({2-[(carboxylatomethyl)({3-hydroxy-2-methyl-6-[(phosphonooxy)methyl]pyridin-4-yl}methyl)amino]ethyl}({3-hydroxy-2-methyl-6-[(phosphonooxy)methyl]pyridin-4-yl}methyl)amino)acetate
CCCCCCCCCc1ccc(cc1)OCCOCCOCCOCCOCCOCCOCCOCCOCCO,DB06804,drugbank,O(CCOCCOCCOCCOCCO)CCOCCOCCOCCOc1ccc(CCCCCCCCC)cc1,InChI=1S/C33H60O10/c1-2-3-4-5-6-7-8-9-32-10-12-33(13-11-32)43-31-30-42-29-28-41-27-26-40-25-24-39-23-22-38-21-20-37-19-18-36-17-16-35-15-14-34/h10-13 34H 2-9 14-31H2 1H3,FBWNMEQMRUMQSO-UHFFFAOYSA-N,C33H60O10,26-(4-nonylphenoxy)-3 6 9 12 15 18 21 24-octaoxahexacosan-1-ol
CO[C@@H]([C@@H]1Cc2cc3cc(O[C@@H]4O[C@H](C)[C@H]([C@@H](C4)O[C@H]4C[C@@H](O)[C@@H]([C@H](O4)C)O)O)c(c(c3c(c2C(=O)[C@H]1O[C@@H]1O[C@H](C)[C@H]([C@@H](C1)O[C@@H]1O[C@H](C)[C@@H]([C@@H](C1)O[C@@H]1O[C@H](C)[C@H]([C@@](C1)(C)O)O)O)O)O)O)C)C(=O)[C@H]([C@H](O)C)O,DB06810,drugbank,O=C([C@@H](O)[C@H](O)C)[C@@H](OC)[C@H]1[C@H](O[C@@H]2O[C@H](C)[C@@H](O)[C@H](O[C@@H]3O[C@H](C)[C@H](O)[C@H](O[C@@H]4O[C@H](C)[C@@H](O)[C@](O)(C)C4)C3)C2)C(=O)c2c(O)c3c(O)c(C)c(O[C@@H]4O[C@H](C)[C@@H](O)[C@H](O[C@@H]5O[C@H](C)[C@@H](O)[C@H](O)C5)C4)cc3cc2C1,InChI=1S/C52H76O24/c1-18-29(72-34-14-30(43(58)21(4)68-34)73-33-13-28(54)42(57)20(3)67-33)12-26-10-25-11-27(49(66-9)48(63)41(56)19(2)53)50(47(62)39(25)46(61)38(26)40(18)55)76-36-16-31(44(59)23(6)70-36)74-35-15-32(45(60)22(5)69-35)75-37-17-52(8 65)51(64)24(7)71-37/h10 12 19-24 27-28 30-37 41-45 49-51 53-61 64-65H 11 13-17H2 1-9H3/t19- 20- 21- 22- 23- 24- 27+ 28- 30- 31- 32- 33+ 34+ 35+ 36+ 37+ 41+ 42- 43- 44- 45+ 49+ 50+ 51- 52+/m1/s1,CFCUWKMKBJTWLW-BKHRDMLASA-N,C52H76O24,plicamycin
C=CC[C@@H]1C(=O)n2n(C1=O)c1cc(C)ccc1nc2N(C)C,DB07402,drugbank,O=C1[C@@H](CC=C)C(=O)N2N1C(N(C)C)=Nc1c2cc(C)cc1,InChI=1S/C16H18N4O2/c1-5-6-11-14(21)19-13-9-10(2)7-8-12(13)17-16(18(3)4)20(19)15(11)22/h5 7-9 11H 1 6H2 2-4H3/t11-/m0/s1,WOIIIUDZSOLAIW-NSHDSACASA-N,C16H18N4O2,azapropazone
CC[C@H]([C@@H](c1ccc(cc1)O)CC)c1ccc(cc1)O,DB07931,drugbank,Oc1ccc([C@H]([C@@H](CC)c2ccc(O)cc2)CC)cc1,InChI=1S/C18H22O2/c1-3-17(13-5-9-15(19)10-6-13)18(4-2)14-7-11-16(20)12-8-14/h5-12 17-20H 3-4H2 1-2H3/t17- 18+,PBBGSZCBWVPOOL-HDICACEKSA-N,C18H22O2,hexestrol
CCOC(=O)C(c1c(=O)oc2c(c1O)cccc2)c1c(=O)oc2c(c1O)cccc2,DB08794,drugbank,O=C(OCC)C(C=1C(=O)Oc2c(C=1O)cccc2)C=1C(=O)Oc2c(C=1O)cccc2,InChI=1S/C22H16O8/c1-2-28-20(25)15(16-18(23)11-7-3-5-9-13(11)29-21(16)26)17-19(24)12-8-4-6-10-14(12)30-22(17)27/h3-10 15 23-24H 2H2 1H3,JCLHQFUTFHUXNN-UHFFFAOYSA-N,C22H16O8,ethyl biscoumacetate
O=C(NC(C)(C)C)N[C@@H](C(C)(C)C)C(=O)N1C[C@H]2[C@@H]([C@H]1C(=O)NC(C(=O)C(=O)N)CC1CCC1)C2(C)C,DB08873,drugbank,O=C(N[C@@H](C(C)(C)C)C(=O)N1[C@H](C(=O)NC(C(=O)C(=O)N)CC2CCC2)[C@H]2C(C)(C)[C@H]2C1)NC(C)(C)C,InChI=1S/C27H45N5O5/c1-25(2 3)20(30-24(37)31-26(4 5)6)23(36)32-13-15-17(27(15 7)8)18(32)22(35)29-16(19(33)21(28)34)12-14-10-9-11-14/h14-18 20H 9-13H2 1-8H3 (H2 28 34)(H 29 35)(H2 30 31 37)/t15- 16? 17- 18- 20+/m0/s1,LHHCSNFAOIFYRV-DOVBMPENSA-N,C27H45N5O5,boceprevir
OC(=O)CC[C@@H](C(=O)O)NC(=O)c1ccc(cc1)NCc1cnc2c(n1)c(N)nc(n2)N,DB08878,drugbank,O=C(O)[C@@H](NC(=O)c1ccc(NCc2nc3c(N)nc(N)nc3nc2)cc1)CCC(=O)O,InChI=1S/C19H20N8O5/c20-15-14-16(27-19(21)26-15)23-8-11(24-14)7-22-10-3-1-9(2-4-10)17(30)25-12(18(31)32)5-6-13(28)29/h1-4 8 12 22H 5-7H2 (H 25 30)(H 28 29)(H 31 32)(H4 20 21 23 26 27)/t12-/m0/s1,TVZGACDUOSZQKY-LBPRGKRZSA-N,C19H20N8O5,4-aminopteroylglutamic acid
O=C1CC[C@]2(C(=C1O)CC[C@@H]1[C@@H]2CC[C@]2([C@H]1CCC2=O)C)C,DB08905,drugbank,O=C1C(O)=C2[C@@](C)([C@@H]3[C@H]([C@H]4[C@@](C)(C(=O)CC4)CC3)CC2)CC1,InChI=1S/C19H26O3/c1-18-10-8-15(20)17(22)14(18)4-3-11-12-5-6-16(21)19(12 2)9-7-13(11)18/h11-13 22H 3-10H2 1-2H3/t11- 12- 13- 18+ 19-/m0/s1,OSVMTWJCGUFAOD-KZQROQTASA-N,C19H26O3,formestane
[O-]S(=O)(=O)[O-].[O-]S(=O)(=O)[O-].O.[Mg+2].[Mg+2].[Mg+2].[Mg+2].[Mg+2].[Mg+2].[Mg+2].[Mg+2].[Mg+2].[Mg+2].[OH-].[OH-].[OH-].[OH-].[OH-].[OH-].[OH-].[OH-].[OH-].[OH-].[OH-].[OH-].[OH-].[OH-].[OH-].[OH-].[OH-].[OH-].[OH-].[OH-].[OH-].[OH-].[OH-].[OH-].[OH-].[OH-].[OH-].[OH-].[OH-].[OH-].[OH-].[Al+3].[Al+3].[Al+3].[Al+3].[Al+3],DB08938,drugbank,S(=O)(=O)([O-])[O-].S(=O)(=O)([O-])[O-].[Al+3].[Al+3].[Al+3].[Al+3].[Al+3].[Mg+2].[Mg+2].[Mg+2].[Mg+2].[Mg+2].[Mg+2].[Mg+2].[Mg+2].[Mg+2].[Mg+2].O.[O-H].[O-H].[O-H].[O-H].[O-H].[O-H].[O-H].[O-H].[O-H].[O-H].[O-H].[O-H].[O-H].[O-H].[O-H].[O-H].[O-H].[O-H].[O-H].[O-H].[O-H].[O-H].[O-H].[O-H].[O-H].[O-H].[O-H].[O-H].[O-H].[O-H].[O-H],InChI=1S/5Al.10Mg.2H2O4S.32H2O/c;;;;;;;;;;;;;;;2*1-5(2 3)4;;;;;;;;;;;;;;;;;;;;;;;;;;;;;;;;/h;;;;;;;;;;;;;;;2*(H2 1 2 3 4);32*1H2/q5*+3;10*+2;;;;;;;;;;;;;;;;;;;;;;;;;;;;;;;;;;/p-35,SPPNVMTVMQOKSC-UHFFFAOYSA-A,Al5H33Mg10O40S2,pentaaluminium(3+) decamagnesium(2+) hydrate hentriacontahydroxide disulfate
C[C@@H](N[C@@H]([C@H](c1ccc(cc1)O)O)C)COc1ccccc1,DB08941,drugbank,O(C[C@H](N[C@@H]([C@@H](O)c1ccc(O)cc1)C)C)c1ccccc1,InChI=1S/C18H23NO3/c1-13(12-22-17-6-4-3-5-7-17)19-14(2)18(21)15-8-10-16(20)11-9-15/h3-11 13-14 18-21H 12H2 1-2H3/t13- 14- 18-/m1/s1,BMUKKTUHUDJSNZ-HBUWYVDXSA-N,C18H23NO3,4-[(1S 2R)-1-hydroxy-2-{[(2R)-1-phenoxypropan-2-yl]amino}propyl]phenol
Cc1o[nH]/c(=N\C(=O)C2=C(O)c3ccccc3S(=O)(=O)N2C)/c1,DB08942,drugbank,O=C(N=C1NOC(C)=C1)C=1N(C)S(=O)(=O)c2c(C=1O)cccc2,InChI=1S/C14H13N3O5S/c1-8-7-11(16-22-8)15-14(19)12-13(18)9-5-3-4-6-10(9)23(20 21)17(12)2/h3-7 18H 1-2H3 (H 15 16 19),YYUAYBYLJSNDCX-UHFFFAOYSA-N,C14H13N3O5S,maxicam
CC([C@](c1ccccc1)(C#N)C[C@@H](N(C)C)C)C,DB08944,drugbank,N#C[C@@](C(C)C)(C[C@@H](N(C)C)C)c1ccccc1,InChI=1S/C16H24N2/c1-13(2)16(12-17 11-14(3)18(4)5)15-9-7-6-8-10-15/h6-10 13-14H 11H2 1-5H3/t14- 16+/m0/s1,WFLSCFISQHLEED-GOEBONIOSA-N,C16H24N2,(2R 4S)-4-(dimethylamino)-2-isopropyl-2-phenylpentanenitrile
O/C(=N/c1c(I)cc(c(c1I)C(=O)O)I)/COCCOCCOC/C(=N\c1c(I)cc(c(c1I)C(=O)O)I)/O,DB08945,drugbank,Ic1c(N=C(O)COCCOCCOCC(O)=Nc2c(I)c(C(=O)O)c(I)cc2I)c(I)cc(I)c1C(=O)O,InChI=1S/C22H18I6N2O9/c23-9-5-11(25)19(17(27)15(9)21(33)34)29-13(31)7-38-3-1-37-2-4-39-8-14(32)30-20-12(26)6-10(24)16(18(20)28)22(35)36/h5-6H 1-4 7-8H2 (H 29 31)(H 30 32)(H 33 34)(H 35 36),JXMIBUGMYLQZGO-UHFFFAOYSA-N,C22H18I6N2O9,biliscopin
CCC(C(=O)O)Cc1c(I)cc(c(c1I)N)I,DB08946,drugbank,Ic1c(N)c(I)cc(I)c1CC(C(=O)O)CC,InChI=1S/C11H12I3NO2/c1-2-5(11(16)17)3-6-7(12)4-8(13)10(15)9(6)14/h4-5H 2-3 15H2 1H3 (H 16 17),OIRFJRBSRORBCM-UHFFFAOYSA-N,C11H12I3NO2,iopanoic acid
C/C(=N\Cc1c(I)c(/N=C(/O)\C)c(c(c1I)C(=O)O)I)/O,DB08948,drugbank,Ic1c(N=C(O)C)c(I)c(CN=C(O)C)c(I)c1C(=O)O,InChI=1S/C12H11I3N2O4/c1-4(18)16-3-6-8(13)7(12(20)21)10(15)11(9(6)14)17-5(2)19/h3H2 1-2H3 (H 16 18)(H 17 19)(H 20 21),VVDGWALACJEJKG-UHFFFAOYSA-N,C12H11I3N2O4,uromiro
O=C(c1cccnc1)OC1C(OC(=O)c2cccnc2)C(OC(=O)c2cccnc2)C(C(C1OC(=O)c1cccnc1)OC(=O)c1cccnc1)OC(=O)c1cccnc1,DB08949,drugbank,O=C(OC1C(OC(=O)c2cnccc2)C(OC(=O)c2cnccc2)C(OC(=O)c2cnccc2)C(OC(=O)c2cnccc2)C1OC(=O)c1cnccc1)c1cnccc1,InChI=1S/C42H30N6O12/c49-37(25-7-1-13-43-19-25)55-31-32(56-38(50)26-8-2-14-44-20-26)34(58-40(52)28-10-4-16-46-22-28)36(60-42(54)30-12-6-18-48-24-30)35(59-41(53)29-11-5-17-47-23-29)33(31)57-39(51)27-9-3-15-45-21-27/h1-24 31-36H/t31- 32- 33- 34+ 35- 36-,MFZCIDXOLLEMOO-GYSGTQPESA-N,C42H30N6O12,(1R 2S 3R 4R 5S 6s)-2 3 4 5 6-pentakis(pyridine-3-carbonyloxy)cyclohexyl pyridine-3-carboxylate
O/C(=N/C1CCN(CC1)CCc1c[nH]c2c1cccc2)/c1ccccc1,DB08950,drugbank,OC(=NC1CCN(CCc2c3c([nH]c2)cccc3)CC1)c1ccccc1,InChI=1S/C22H25N3O/c26-22(17-6-2-1-3-7-17)24-19-11-14-25(15-12-19)13-10-18-16-23-21-9-5-4-8-20(18)21/h1-9 16 19 23H 10-15H2 (H 24 26),JXZZEXZZKAWDSP-UHFFFAOYSA-N,C22H25N3O,indoramin
OC(=O)C(c1ccc(cc1)N1Cc2c(C1=O)cccc2)C,DB08951,drugbank,O=C(O)C(C)c1ccc(N2C(=O)c3c(cccc3)C2)cc1,InChI=1S/C17H15NO3/c1-11(17(20)21)12-6-8-14(9-7-12)18-10-13-4-2-3-5-15(13)16(18)19/h2-9 11H 10H2 1H3 (H 20 21),RJMIEHBSYVWVIN-UHFFFAOYSA-N,C17H15NO3,indoprofen
OC(COc1cccc2c1C=CC2)CNC(C)C,DB08952,drugbank,O(CC(O)CNC(C)C)c1c2c(ccc1)CC=C2,InChI=1S/C15H21NO2/c1-11(2)16-9-13(17)10-18-15-8-4-6-12-5-3-7-14(12)15/h3-4 6-8 11 13 16-17H 5 9-10H2 1-2H3,MPGBPFMOOXKQRX-UHFFFAOYSA-N,C15H21NO2,1-(1H-inden-4-yloxy)-3-(isopropylamino)propan-2-ol
N1CCC(CC1)CCc1c[nH]c2c1cccc2,DB08953,drugbank,C(CC1CCNCC1)c1c2c([nH]c1)cccc2,InChI=1S/C15H20N2/c1-2-4-15-14(3-1)13(11-17-15)6-5-12-7-9-16-10-8-12/h1-4 11-12 16-17H 5-10H2,SADQVAVFGNTEOD-UHFFFAOYSA-N,C15H20N2,indalpine
Oc1ccc(cc1)C(C(N1CCC(CC1)Cc1ccccc1)C)O,DB08954,drugbank,OC(C(C)N1CCC(Cc2ccccc2)CC1)c1ccc(O)cc1,InChI=1S/C21H27NO2/c1-16(21(24)19-7-9-20(23)10-8-19)22-13-11-18(12-14-22)15-17-5-3-2-4-6-17/h2-10 16 18 21 23-24H 11-15H2 1H3,UYNVMODNBIQBMV-UHFFFAOYSA-N,C21H27NO2,ifenprodil
CC(/C(=N\O)/O)c1ccc(cc1)CC(C)C,DB08955,drugbank,ON=C(O)C(C)c1ccc(CC(C)C)cc1,InChI=1S/C13H19NO2/c1-9(2)8-11-4-6-12(7-5-11)10(3)13(15)14-16/h4-7 9-10 16H 8H2 1-3H3 (H 14 15),BYPIURIATSUHDW-UHFFFAOYSA-N,C13H19NO2,ibuproxam
OCC(=O)[C@H]1CC[C@@H]2[C@]1(C)CC[C@H]1[C@H]2CC[C@H]2[C@]1(C)CCC(=O)C2,DB08956,drugbank,O=C(CO)[C@@H]1[C@]2(C)[C@H]([C@H]3[C@@H]([C@]4(C)[C@@H](CC(=O)CC4)CC3)CC2)CC1,InChI=1S/C21H32O3/c1-20-9-7-14(23)11-13(20)3-4-15-16-5-6-18(19(24)12-22)21(16 2)10-8-17(15)20/h13 15-18 22H 3-12H2 1-2H3/t13- 15+ 16+ 17+ 18- 20+ 21+/m1/s1,USPYDUPOCUYHQL-VEVMSBRDSA-N,C21H32O3,hydroxydione
OC(c1ccc(c(c1)O)O)CNCCCCCCNCC(c1ccc(c(c1)O)O)O,DB08957,drugbank,OC(CNCCCCCCNCC(O)c1cc(O)c(O)cc1)c1cc(O)c(O)cc1,InChI=1S/C22H32N2O6/c25-17-7-5-15(11-19(17)27)21(29)13-23-9-3-1-2-4-10-24-14-22(30)16-6-8-18(26)20(28)12-16/h5-8 11-12 21-30H 1-4 9-10 13-14H2,OXLZNBCNGJWPRV-UHFFFAOYSA-N,C22H32N2O6,hexoprenaline
Cc1ccc(cc1)S(=O)(=O)NC(=O)N[C@@H]1[C@H](O)[C@]2(C([C@@H]1CC2)(C)C)C,DB08962,drugbank,S(=O)(=O)(NC(=O)N[C@@H]1[C@H](O)[C@@]2(C)C(C)(C)[C@@H]1CC2)c1ccc(C)cc1,InChI=1S/C18H26N2O4S/c1-11-5-7-12(8-6-11)25(23 24)20-16(22)19-14-13-9-10-18(4 15(14)21)17(13 2)3/h5-8 13-15 21H 9-10H2 1-4H3 (H2 19 20 22)/t13- 14+ 15+ 18+/m1/s1,RMTYNAPTNBJHQI-LLDVTBCESA-N,C18H26N2O4S,3-[(1S 2S 3R 4R)-3-hydroxy-4 7 7-trimethylbicyclo[2.2.1]heptan-2-yl]-1-(4-methylbenzenesulfonyl)urea
CCCCC([C@@H](/C=C/[C@H]1[C@H](O)CC(=O)[C@@H]1CCCC/C=C/C(=O)OC)O)(C)C,DB08964,drugbank,O=C(OC)/C=C/CCCC[C@@H]1[C@@H](/C=C/[C@@H](O)C(CCCC)(C)C)[C@H](O)CC1=O,InChI=1S/C23H38O5/c1-5-6-15-23(2 3)21(26)14-13-18-17(19(24)16-20(18)25)11-9-7-8-10-12-22(27)28-4/h10 12-14 17-18 20-21 25-26H 5-9 11 15-16H2 1-4H3/b12-10+ 14-13+/t17- 18- 20- 21-/m1/s1,KYBOHGVERHWSSV-VNIVIJDLSA-N,C23H38O5,gemeprost
CC(C1OC(=O)[C@H](C(C)C)N(C)C(=O)C(OC(=O)[C@@H](N(C(=O)C(OC(=O)[C@@H](N(C1=O)C)C(C)C)C(C)C)C)C(C)C)C(C)C)C,DB08965,drugbank,O=C1N(C)[C@@H](C(C)C)C(=O)OC(C(C)C)C(=O)N(C)[C@@H](C(C)C)C(=O)OC(C(C)C)C(=O)N(C)[C@@H](C(C)C)C(=O)OC1C(C)C,InChI=1S/C33H57N3O9/c1-16(2)22-31(40)43-26(20(9)10)29(38)35(14)24(18(5)6)33(42)45-27(21(11)12)30(39)36(15)23(17(3)4)32(41)44-25(19(7)8)28(37)34(22)13/h16-27H 1-15H3/t22- 23- 24- 25? 26? 27?/m0/s1,MIZMDSVSLSIMSC-OGLSAIDSSA-N,C33H57N3O9,(3S 9S 15S)-3 6 9 12 15 18-hexaisopropyl-4 10 16-trimethyl-1 7 13-trioxa-4 10 16-triazacyclooctadecane-2 5 8 11 14 17-hexone
CN(Cc1c(Cl)cccc1/N=C(\c1ccccc1)/O)CC(=O)N1CCOCC1,DB08968,drugbank,Clc1c(CN(CC(=O)N2CCOCC2)C)c(N=C(O)c2ccccc2)ccc1,InChI=1S/C21H24ClN3O3/c1-24(15-20(26)25-10-12-28-13-11-25)14-17-18(22)8-5-9-19(17)23-21(27)16-6-3-2-4-7-16/h2-9H 10-15H2 1H3 (H 23 27),KSNNEUZOAFRTDS-UHFFFAOYSA-N,C21H24ClN3O3,N-[3-chloro-2-({methyl[2-(morpholin-4-yl)-2-oxoethyl]amino}methyl)phenyl]benzenecarboximidic acid
FC(COCC(F)(F)F)(F)F,DB08969,drugbank,FC(F)(F)COCC(F)(F)F,InChI=1S/C4H4F6O/c5-3(6 7)1-11-2-4(8 9)10/h1-2H2,KGPPDNUWZNWPSI-UHFFFAOYSA-N,C4H4F6O,flurothyl
OCC(=O)[C@H]1[C@H](C)C[C@@H]2[C@]1(C)C[C@H](O)[C@H]1[C@H]2C[C@@H](C2=CC(=O)C=C[C@]12C)F,DB08971,drugbank,F[C@@H]1C=2[C@@](C)([C@H]3[C@@H](O)C[C@]4(C)[C@@H](C(=O)CO)[C@H](C)C[C@H]4[C@@H]3C1)C=CC(=O)C=2,InChI=1S/C22H29FO4/c1-11-6-14-13-8-16(23)15-7-12(25)4-5-21(15 2)20(13)17(26)9-22(14 3)19(11)18(27)10-24/h4-5 7 11 13-14 16-17 19-20 24 26H 6 8-10H2 1-3H3/t11- 13+ 14+ 16+ 17+ 19- 20- 21+ 22+/m1/s1,GAKMQHDJQHZUTJ-ULHLPKEOSA-N,C22H29FO4,fluocortolone
Fc1cc2CCC(n3c2c(c1)c(=O)c(c3)C(=O)O)C,DB08972,drugbank,Fc1cc2C(=O)C(C(=O)O)=CN3C(C)CCc(c23)c1,InChI=1S/C14H12FNO3/c1-7-2-3-8-4-9(15)5-10-12(8)16(7)6-11(13(10)17)14(18)19/h4-7H 2-3H2 1H3 (H 18 19),DPSPPJIUMHPXMA-UHFFFAOYSA-N,C14H12FNO3,flumequine
OCC(=O)[C@@]12OC(O[C@@H]1C[C@@H]1[C@]2(C)C[C@H](Cl)[C@]2([C@H]1C[C@@H](C1=CC(=O)C=C[C@]21C)F)Cl)(C)C,DB08973,drugbank,Cl[C@@H]1[C@]2(Cl)[C@]3(C)C([C@@H](F)C[C@H]2[C@H]2[C@@](C)([C@]4(C(=O)CO)OC(C)(C)O[C@@H]4C2)C1)=CC(=O)C=C3,InChI=1S/C24H29Cl2FO5/c1-20(2)31-19-9-13-14-8-16(27)15-7-12(29)5-6-21(15 3)23(14 26)17(25)10-22(13 4)24(19 32-20)18(30)11-28/h5-7 13-14 16-17 19 28H 8-11H2 1-4H3/t13- 14- 16- 17- 19+ 21- 22- 23- 24+/m0/s1,NJNWEGFJCGYWQT-VSXGLTOVSA-N,C24H29Cl2FO5,flucloronide
CO/C(=N\c1nc2c([nH]1)cc(cc2)C(=O)c1ccc(cc1)F)/O,DB08974,drugbank,Fc1ccc(C(=O)c2cc3[nH]c(N=C(OC)O)nc3cc2)cc1,InChI=1S/C16H12FN3O3/c1-23-16(22)20-15-18-12-7-4-10(8-13(12)19-15)14(21)9-2-5-11(17)6-3-9/h2-8H 1H3 (H2 18 19 20 22),CPEUVMUXAHMANV-UHFFFAOYSA-N,C16H12FN3O3,flubenol
OC(=O)CCC(=O)c1ccc2c(c1)c1cccc3c1c2ccc3,DB08975,drugbank,O=C(O)CCC(=O)c1cc2-c3c4c(ccc3)cccc4-c2cc1,InChI=1S/C20H14O3/c21-18(9-10-19(22)23)13-7-8-14-15-5-1-3-12-4-2-6-16(20(12)15)17(14)11-13/h1-8 11H 9-10H2 (H 22 23),QOBAOSCOLAGPKI-UHFFFAOYSA-N,C20H14O3,florantyrone
OC[C@H](COC(=O)c1ccccc1Nc1ccnc2c1cccc2C(F)(F)F)O,DB08976,drugbank,FC(F)(F)c1c2nccc(Nc3c(C(=O)OC[C@H](O)CO)cccc3)c2ccc1,InChI=1S/C20H17F3N2O4/c21-20(22 23)15-6-3-5-13-17(8-9-24-18(13)15)25-16-7-2-1-4-14(16)19(28)29-11-12(27)10-26/h1-9 12 26-27H 10-11H2 (H 24 25)/t12-/m1/s1,APQPGQGAWABJLN-GFCCVEGCSA-N,C20H17F3N2O4,(2R)-2 3-dihydroxypropyl 2-{[8-(trifluoromethyl)quinolin-4-yl]amino}benzoate
OC[C@H](c1ccccc1)C(=O)OC1C[C@@H]2CC[C@H](C1)[N+]2(C)CC(=O)c1ccc(cc1)c1ccccc1,DB08978,drugbank,O=C(OC1C[C@@H]2[N+](CC(=O)c3ccc(-c4ccccc4)cc3)(C)[C@H](C1)CC2)[C@H](CO)c1ccccc1,InChI=1S/C31H34NO4/c1-32(20-30(34)25-14-12-23(13-15-25)22-8-4-2-5-9-22)26-16-17-27(32)19-28(18-26)36-31(35)29(21-33)24-10-6-3-7-11-24/h2-15 26-29 33H 16-21H2 1H3/q+1/t26- 27+ 28+ 29- 32?/m1/s1,CSYZZFNWCDOVIM-OCTNZTSRSA-N,C31H34NO4,(1R 3R 5S)-8-(2-{[1 1'-biphenyl]-4-yl}-2-oxoethyl)-3-{[(2S)-3-hydroxy-2-phenylpropanoyl]oxy}-8-methyl-8-azabicyclo[3.2.1]octan-8-ium
CC(c1ccccc1)NCCC(c1ccccc1)c1ccccc1,DB08980,drugbank,N(C(C)c1ccccc1)CCC(c1ccccc1)c1ccccc1,InChI=1S/C23H25N/c1-19(20-11-5-2-6-12-20)24-18-17-23(21-13-7-3-8-14-21)22-15-9-4-10-16-22/h2-16 19 23-24H 17-18H2 1H3,NMKSAYKQLCHXDK-UHFFFAOYSA-N,C23H25N,sensit
CCNCC(c1cccc(c1)O)O,DB08985,drugbank,OC(CNCC)c1cc(O)ccc1,InChI=1S/C10H15NO2/c1-2-11-7-10(13)8-4-3-5-9(12)6-8/h3-6 10-13H 2 7H2 1H3,SQVIAVUSQAWMKL-UHFFFAOYSA-N,C10H15NO2,thomasin
CCNC1=Nc2ccc(cc2C(O1)(C)c1ccccc1)Cl,DB08986,drugbank,Clc1cc2C(C)(c3ccccc3)OC(NCC)=Nc2cc1,InChI=1S/C17H17ClN2O/c1-3-19-16-20-15-10-9-13(18)11-14(15)17(2 21-16)12-7-5-4-6-8-12/h4-11H 3H2 1-2H3 (H 19 20),IBYCYJFUEJQSMK-UHFFFAOYSA-N,C17H17ClN2O,etifoxine
CCOC(=O)C1(CCCN(CC1)C)c1ccccc1,DB08988,drugbank,O=C(OCC)C1(c2ccccc2)CCN(C)CCC1,InChI=1S/C16H23NO2/c1-3-19-15(18)16(14-8-5-4-6-9-14)10-7-12-17(2)13-11-16/h4-6 8-9H 3 7 10-13H2 1-2H3,WGJHHMKQBWSQIY-UHFFFAOYSA-N,C16H23NO2,ethoheptazine
CCN(C(=O)c1ccc(c(c1)OC)O)CC,DB08989,drugbank,O=C(N(CC)CC)c1cc(OC)c(O)cc1,InChI=1S/C12H17NO3/c1-4-13(5-2)12(15)9-6-7-10(14)11(8-9)16-3/h6-8 14H 4-5H2 1-3H3,BQJODPIMMWWMFC-UHFFFAOYSA-N,C12H17NO3,simaron
CCOC(c1ccccc1)CN1CCN(CC1)CC(C(=O)c1ccccc1)C,DB08990,drugbank,O=C(C(CN1CCN(CC(OCC)c2ccccc2)CC1)C)c1ccccc1,InChI=1S/C24H32N2O2/c1-3-28-23(21-10-6-4-7-11-21)19-26-16-14-25(15-17-26)18-20(2)24(27)22-12-8-5-9-13-22/h4-13 20 23H 3 14-19H2 1-2H3,BSHWLCACYCVCJE-UHFFFAOYSA-N,C24H32N2O2,eprazinone
OCCN(c1nc(c(o1)c1ccccc1)c1ccccc1)CCO,DB08994,drugbank,OCCN(CCO)c1oc(c(-c2ccccc2)n1)-c1ccccc1,InChI=1S/C19H20N2O3/c22-13-11-21(12-14-23)19-20-17(15-7-3-1-4-8-15)18(24-19)16-9-5-2-6-10-16/h1-10 22-23H 11-14H2,UUCMDZWCRNZCOY-UHFFFAOYSA-N,C19H20N2O3,ditazole
CN(CCCN1c2ccccc2C(c2c1cccc2)(C)C)C,DB08996,drugbank,N(CCCN1c2c(C(C)(C)c3c1cccc3)cccc2)(C)C,InChI=1S/C20H26N2/c1-20(2)16-10-5-7-12-18(16)22(15-9-14-21(3)4)19-13-8-6-11-17(19)20/h5-8 10-13H 9 14-15H2 1-4H3,RYQOGSFEJBUZBX-UHFFFAOYSA-N,C20H26N2,dimetacrine
OC1=NC(=O)[C@@](CC1)(C1CCN(CC1)Cc1ccccc1)c1ccccc1,DB08997,drugbank,O=C1[C@](c2ccccc2)(C2CCN(Cc3ccccc3)CC2)CCC(O)=N1,InChI=1S/C23H26N2O2/c26-21-11-14-23(22(27)24-21 19-9-5-2-6-10-19)20-12-15-25(16-13-20)17-18-7-3-1-4-8-18/h1-10 20H 11-17H2 (H 24 26 27)/t23-/m1/s1,LQQIVYSCPWCSSD-HSZRJFAPSA-N,C23H26N2O2,dexetimide
CNC(CC1CCCC1)C,DB08999,drugbank,N(C(CC1CCCC1)C)C,InChI=1S/C9H19N/c1-8(10-2)7-9-5-3-4-6-9/h8-10H 3-7H2 1-2H3,HFXKQSZZZPGLKQ-UHFFFAOYSA-N,C9H19N,sinos
CC(C(Cc1ccc(cc1)Cl)(O)C)CN(C)C,DB09004,drugbank,Clc1ccc(CC(O)(C(CN(C)C)C)C)cc1,InChI=1S/C14H22ClNO/c1-11(10-16(3)4)14(2 17)9-12-5-7-13(15)8-6-12/h5-8 11 17H 9-10H2 1-4H3,KVHHQGIIZCJATJ-UHFFFAOYSA-N,C14H22ClNO,iversal
CN(CCOC(c1ccc(cc1)Cl)(c1ccccc1)C)C,DB09007,drugbank,Clc1ccc(C(OCCN(C)C)(C)c2ccccc2)cc1,InChI=1S/C18H22ClNO/c1-18(21-14-13-20(2)3 15-7-5-4-6-8-15)16-9-11-17(19)12-10-16/h4-12H 13-14H2 1-3H3,KKHPNPMTPORSQE-UHFFFAOYSA-N,C18H22ClNO,systral
O/C(=N/[C@@H]1C(=O)N2[C@@H]1SCC(=C2C(=O)[O-])C[n+]1ccccc1)/Cc1cccs1,DB09008,drugbank,O=C([O-])C1=C(C[n+]2ccccc2)CS[C@@H]2[C@H](N=C(O)Cc3sccc3)C(=O)N12,InChI=1S/C19H17N3O4S2/c23-14(9-13-5-4-8-27-13)20-15-17(24)22-16(19(25)26)12(11-28-18(15)22)10-21-6-2-1-3-7-21/h1-8 15 18H 9-11H2 (H- 20 23 25 26)/t15- 18-/m1/s1,CZTQZXZIADLWOZ-CRAIPNDOSA-N,C19H17N3O4S2,deflorin
CCCCCC/N=C(\n1cc(F)c(nc1=O)O)/O,DB09010,drugbank,FC=1C(O)=NC(=O)N(C(O)=NCCCCCC)C=1,InChI=1S/C11H16FN3O3/c1-2-3-4-5-6-13-10(17)15-7-8(12)9(16)14-11(15)18/h7H 2-6H2 1H3 (H 13 17)(H 14 16 18),AOCCBINRVIKJHY-UHFFFAOYSA-N,C11H16FN3O3,HCFU
NC(=O)N/N=C/1\C=C2C(O)CN(C2=CC1=O)C,DB09012,drugbank,O=C(N/N=C/1\C(=O)C=C2N(C)CC(O)C2=C\1)N,InChI=1S/C10H12N4O3/c1-14-4-9(16)5-2-6(12-13-10(11)17)8(15)3-7(5)14/h2-3 9 16H 4H2 1H3 (H3 11 13 17)/b12-6-,XSXCZNVKFKNLPR-SDQBBNPISA-N,C10H12N4O3,carbazochrome
OC(=O)CC[C@]1(O)CC[C@@H]2[C@]1(C)CC[C@H]1[C@H]2C=CC2=CC(=O)CC[C@]12C,DB09015,drugbank,O=C(O)CC[C@@]1(O)[C@]2(C)[C@H]([C@H]3[C@@H]([C@]4(C)C(=CC(=O)CC4)C=C3)CC2)CC1,InChI=1S/C22H30O4/c1-20-9-5-15(23)13-14(20)3-4-16-17(20)6-10-21(2)18(16)7-11-22(21 26)12-8-19(24)25/h3-4 13 16-18 26H 5-12H2 1-2H3 (H 24 25)/t16- 17+ 18+ 20+ 21+ 22-/m1/s1,PBKZPPIHUVSDNM-WNHSNXHDSA-N,C22H30O4,canrenoic acid
Brc1cc2c(s1)n1c(CN=C2c2ccccc2Cl)nnc1C,DB09017,drugbank,Brc1sc2-n3c(C)nnc3CN=C(c3c(Cl)cccc3)c2c1,InChI=1S/C15H10BrClN4S/c1-8-19-20-13-7-18-14(9-4-2-3-5-11(9)17)10-6-12(16)22-15(10)21(8)13/h2-6H 7H2 1H3,UMSGKTJDUHERQW-UHFFFAOYSA-N,C15H10BrClN4S,brotizolam
CC(Cc1cccc(c1)C(F)(F)F)NCCOC(=O)c1ccccc1,DB09022,drugbank,FC(F)(F)c1cc(CC(NCCOC(=O)c2ccccc2)C)ccc1,InChI=1S/C19H20F3NO2/c1-14(12-15-6-5-9-17(13-15)19(20 21)22)23-10-11-25-18(24)16-7-3-2-4-8-16/h2-9 13-14 23H 10-12H2 1H3,CJAVTWRYCDNHSM-UHFFFAOYSA-N,C19H20F3NO2,benfluorex
CCN(CCOC(=O)C(c1ccccc1)(c1ccccc1)O)CC,DB09023,drugbank,O=C(OCCN(CC)CC)C(O)(c1ccccc1)c1ccccc1,InChI=1S/C20H25NO3/c1-3-21(4-2)15-16-24-19(22)20(23 17-11-7-5-8-12-17)18-13-9-6-10-14-18/h5-14 23H 3-4 15-16H2 1-2H3,IVQOFBKHQCTVQV-UHFFFAOYSA-N,C20H25NO3,benactyzine
CCC(OC(=O)c1ccccc1)(CN(C)C)C,DB09088,drugbank,O(C(CN(C)C)(CC)C)C(=O)c1ccccc1,InChI=1S/C14H21NO2/c1-5-14(2 11-15(3)4)17-13(16)12-9-7-6-8-10-12/h6-10H 5 11H2 1-4H3,FDMBBCOBEAVDAO-UHFFFAOYSA-N,C14H21NO2,stovaine
SCC(=O)[C@@]1(O)CC[C@@H]2[C@]1(C)C[C@H](O)[C@H]1[C@H]2CCC2=CC(=O)CC[C@]12C,DB09091,drugbank,SCC(=O)[C@]1(O)[C@]2(C)[C@H]([C@H]3[C@H]([C@@H](O)C2)[C@]2(C)C(=CC(=O)CC2)CC3)CC1,InChI=1S/C21H30O4S/c1-19-7-5-13(22)9-12(19)3-4-14-15-6-8-21(25 17(24)11-26)20(15 2)10-16(23)18(14)19/h9 14-16 18 23 25-26H 3-8 10-11H2 1-2H3/t14- 15- 16- 18+ 19- 20- 21-/m0/s1,YWDBSCORAARPPF-VWUMJDOOSA-N,C21H30O4S,tixocortol
OCCN(CC(Cn1cnc2c1c(=O)n(C)c(=O)n2C)O)C,DB09092,drugbank,O=C1N(C)C(=O)c2n(CC(O)CN(CCO)C)cnc2N1C,InChI=1S/C13H21N5O4/c1-15(4-5-19)6-9(20)7-18-8-14-11-10(18)12(21)17(3)13(22)16(11)2/h8-9 19-20H 4-7H2 1-3H3,DSFGXPJYDCSWTA-UHFFFAOYSA-N,C13H21N5O4,xanthinol
OCC(=O)[C@H]1[C@H](C)C[C@@H]2[C@]1(C)C[C@H](O)[C@]1([C@H]2C[C@@H](C2=CC(=O)C=C[C@]12C)F)F,DB09095,drugbank,F[C@@H]1C=2[C@@](C)([C@@]3(F)[C@@H](O)C[C@]4(C)[C@@H](C(=O)CO)[C@H](C)C[C@H]4[C@@H]3C1)C=CC(=O)C=2,InChI=1S/C22H28F2O4/c1-11-6-13-14-8-16(23)15-7-12(26)4-5-21(15 3)22(14 24)18(28)9-20(13 2)19(11)17(27)10-25/h4-5 7 11 13-14 16 18-19 25 28H 6 8-10H2 1-3H3/t11- 13+ 14+ 16+ 18+ 19- 20+ 21+ 22+/m1/s1,OGPWIDANBSLJPC-RFPWEZLHSA-N,C22H28F2O4,diflucortolona
CCCCCCCCCCCCCCCC(=O)OC[C@@H](OC(=O)CCCCCCCCCCCCCCC)COP(=O)(OCC[N+](C)(C)C)[O-],DB09114,drugbank,P(=O)(OC[C@H](OC(=O)CCCCCCCCCCCCCCC)COC(=O)CCCCCCCCCCCCCCC)(OCC[N+](C)(C)C)[O-],InChI=1S/C40H80NO8P/c1-6-8-10-12-14-16-18-20-22-24-26-28-30-32-39(42)46-36-38(37-48-50(44 45)47-35-34-41(3 4)5)49-40(43)33-31-29-27-25-23-21-19-17-15-13-11-9-7-2/h38H 6-37H2 1-5H3/t38-/m1/s1,KILNVBDSWZSGLL-KXQOOQHDSA-N,C40H80NO8P,(2-{[(2R)-2 3-bis(hexadecanoyloxy)propyl phosphono]oxy}ethyl)trimethylazanium
[N-]=C=[N-].[Ca+2],DB09116,drugbank,[N-]=C=[N-].[Ca+2],InChI=1S/CN2.Ca/c2-1-3;/q-2;+2,MYFXBBAEXORJNB-UHFFFAOYSA-N,CCaN2,calcium (azanidylenemethylidene)azanide
OC[C@H]1O[C@H](S[Au])[C@@H]([C@H]([C@@H]1O)O)O,DB09121,drugbank,[Au]S[C@@H]1[C@H](O)[C@@H](O)[C@H](O)[C@@H](CO)O1,InChI=1S/C6H12O5S.Au/c7-1-2-3(8)4(9)5(10)6(12)11-2;/h2-10 12H 1H2;/q;+1/p-1/t2- 3- 4+ 5- 6-;/m1./s1,XHVAWZZCDCWGBK-WYRLRVFGSA-M,C6H11AuO5S,aurothioglucose
CCOc1ccccc1OCC1CNCCO1,DB09185,drugbank,O(CC)c1c(OCC2OCCNC2)cccc1,InChI=1S/C13H19NO3/c1-2-15-12-5-3-4-6-13(12)17-10-11-9-14-7-8-16-11/h3-6 11 14H 2 7-10H2 1H3,YWPHCCPCQOJSGZ-UHFFFAOYSA-N,C13H19NO3,viloxazine
CCn1c(CC)nn(c1=O)CCCN1CCN(CC1)c1cccc(c1)Cl,DB09194,drugbank,Clc1cc(N2CCN(CCCN3C(=O)N(CC)C(CC)=N3)CC2)ccc1,InChI=1S/C19H28ClN5O/c1-3-18-21-25(19(26)24(18)4-2)10-6-9-22-11-13-23(14-12-22)17-8-5-7-16(20)15-17/h5 7-8 15H 3-4 6 9-14H2 1-2H3,IZBNNCFOBMGTQX-UHFFFAOYSA-N,C19H28ClN5O,etoperidone
O=c1oc2c(c(=O)n1c1ccccn1)N(C)S(=O)(=O)c1c2cccc1,DB09215,drugbank,O=S1(=O)N(C)C=2C(=O)N(c3ncccc3)C(=O)OC=2c2c1cccc2,InChI=1S/C16H11N3O5S/c1-18-13-14(10-6-2-3-7-11(10)25(18 22)23)24-16(21)19(15(13)20)12-8-4-5-9-17-12/h2-9H 1H3,OEHFRZLKGRKFAS-UHFFFAOYSA-N,C16H11N3O5S,droxicam
CN(CCOC1=Cc2ccccc2Sc2c1cc(Cl)cc2)C,DB09225,drugbank,Clc1cc2C(OCCN(C)C)=Cc3c(Sc2cc1)cccc3,InChI=1S/C18H18ClNOS/c1-20(2)9-10-21-16-11-13-5-3-4-6-17(13)22-18-8-7-14(19)12-15(16)18/h3-8 11-12H 9-10H2 1-2H3,HDOZVRUNCMBHFH-UHFFFAOYSA-N,C18H18ClNOS,compound-4
CC(c1ccccc1)NNC(=O)c1ccccc1,DB09246,drugbank,O=C(NNC(C)c1ccccc1)c1ccccc1,InChI=1S/C15H16N2O/c1-12(13-8-4-2-5-9-13)16-17-15(18)14-10-6-3-7-11-14/h2-12 16H 1H3 (H 17 18),BEWNZPMDJIGBED-UHFFFAOYSA-N,C15H16N2O,benmoxine
CC(NNC(=O)COc1ccc(cc1)Cl)C,DB09247,drugbank,Clc1ccc(OCC(=O)NNC(C)C)cc1,InChI=1S/C11H15ClN2O2/c1-8(2)13-14-11(15)7-16-10-5-3-9(12)4-6-10/h3-6 8 13H 7H2 1-2H3 (H 14 15),GGECDTUJZOXAAR-UHFFFAOYSA-N,C11H15ClN2O2,iproclozide
NNC(c1ccccc1)C,DB09248,drugbank,N(N)C(C)c1ccccc1,InChI=1S/C8H12N2/c1-7(10-9)8-5-3-2-4-6-8/h2-7 10H 9H2 1H3,HHRZAEJMHSGZNP-UHFFFAOYSA-N,C8H12N2,mebanazine
CCCCCCC(NN)C,DB09249,drugbank,N(N)C(CCCCCC)C,InChI=1S/C8H20N2/c1-3-4-5-6-7-8(2)10-9/h8 10H 3-7 9H2 1-2H3,FODQIVGFADUBKE-UHFFFAOYSA-N,C8H20N2,octamoxin
NNC(Cc1ccccc1)C,DB09250,drugbank,N(N)C(Cc1ccccc1)C,InChI=1S/C9H14N2/c1-8(11-10)7-9-5-3-2-4-6-9/h2-6 8 11H 7 10H2 1H3,VXTWEDPZMSVFEF-UHFFFAOYSA-N,C9H14N2,pheniprazine
NNC(COc1ccccc1)C,DB09251,drugbank,O(CC(NN)C)c1ccccc1,InChI=1S/C9H14N2O/c1-8(11-10)7-12-9-5-3-2-4-6-9/h2-6 8 11H 7 10H2 1H3,QNEXFJFTGQBXBJ-UHFFFAOYSA-N,C9H14N2O,phenoxypropazine
O=C(C(C)(C)C)NNCc1ccccc1,DB09252,drugbank,O=C(NNCc1ccccc1)C(C)(C)C,InChI=1S/C12H18N2O/c1-12(2 3)11(15)14-13-9-10-7-5-4-6-8-10/h4-8 13H 9H2 1-3H3 (H 14 15),FWWDFDMCZLOXQI-UHFFFAOYSA-N,C12H18N2O,pivalylbenzhydrazine
NNC(CCc1ccc2c(c1)OCO2)C,DB09253,drugbank,N(N)C(CCc1cc2OCOc2cc1)C,InChI=1S/C11H16N2O2/c1-8(13-12)2-3-9-4-5-10-11(6-9)15-7-14-10/h4-6 8 13H 2-3 7 12H2 1H3,IBWPUTAKVGZXRB-UHFFFAOYSA-N,C11H16N2O2,[4-(2H-1 3-benzodioxol-5-yl)butan-2-yl]hydrazine
NC(=O)CN1Cc2ccccc2OC1=O,DB09254,drugbank,O=C(N)CN1C(=O)Oc2c(cccc2)C1,InChI=1S/C10H10N2O3/c11-9(13)6-12-5-7-3-1-2-4-8(7)15-10(12)14/h1-4H 5-6H2 (H2 11 13),KYCBWEZLKCTALM-UHFFFAOYSA-N,C10H10N2O3,caroxazone
N#Cc1c(sc(c1CC(=O)[O-])C(=O)[O-])N(CC(=O)[O-])CC(=O)[O-].[Sr+2].[Sr+2],DB09267,drugbank,O=C([O-])CN(CC(=O)[O-])c1c(C#N)c(CC(=O)[O-])c(C(=O)[O-])s1.[Sr+2].[Sr+2],InChI=1S/C12H10N2O8S.2Sr/c13-2-6-5(1-7(15)16)10(12(21)22)23-11(6)14(3-8(17)18)4-9(19)20;;/h1 3-4H2 (H 15 16)(H 17 18)(H 19 20)(H 21 22);;/q;2*+2/p-4,XXUZFRDUEGQHOV-UHFFFAOYSA-J,C12H6N2O8SSr2,distrontium(2+) ion 5-[bis(carboxylatomethyl)amino]-3-(carboxylatomethyl)-4-cyanothiophene-2-carboxylate
OC(=O)CCc1c(I)cc(c(c1I)/N=C/N(C)C)I,DB09333,drugbank,Ic1c(N=CN(C)C)c(I)cc(I)c1CCC(=O)O,InChI=1S/C12H13I3N2O2/c1-17(2)6-16-12-9(14)5-8(13)7(11(12)15)3-4-10(18)19/h5-6H 3-4H2 1-2H3 (H 18 19),YQNFBOJPTAXAKV-UHFFFAOYSA-N,C12H13I3N2O2,ipodate sodium
Fc1ccc(c(c1)F)n1cc(C(=O)O)c(=O)c2c1nc(N1C[C@@H]3[C@H](C1)C3NC(=O)[C@@H](NC(=O)[C@@H](N)C)C)c(c2)F,DB09335,drugbank,Fc1c(N2c3nc(N4C[C@H]5C(NC(=O)[C@@H](NC(=O)[C@@H](N)C)C)[C@H]5C4)c(F)cc3C(=O)C(C(=O)O)=C2)ccc(F)c1,InChI=1S/C26H25F3N6O5/c1-10(30)24(37)31-11(2)25(38)32-20-14-7-34(8-15(14)20)23-18(29)6-13-21(36)16(26(39)40)9-35(22(13)33-23)19-4-3-12(27)5-17(19)28/h3-6 9-11 14-15 20H 7-8 30H2 1-2H3 (H 31 37)(H 32 38)(H 39 40)/t10- 11- 14- 15+ 20+/m0/s1,UUZPPAMZDFLUHD-VUJLHGSVSA-N,C26H25F3N6O5,7-[(1R 5S 6S)-6-[(2S)-2-[(2S)-2-aminopropanamido]propanamido]-3-azabicyclo[3.1.0]hexan-3-yl]-1-(2 4-difluorophenyl)-6-fluoro-4-oxo-1 8-naphthyridine-3-carboxylic acid
CC(=O)Nc1c(I)cc(c(c1I)C(=O)O)I,DB09347,drugbank,Ic1c(NC(=O)C)c(I)cc(I)c1C(=O)O,InChI=1S/C9H6I3NO3/c1-3(14)13-8-5(11)2-4(10)6(7(8)12)9(15)16/h2H 1H3 (H 13 14)(H 15 16),GNOGSFBXBWBTIG-UHFFFAOYSA-N,C9H6I3NO3,acetrizoic acid
C1COC1=O,DB09348,drugbank,O=C1OCC1,InChI=1S/C3H4O2/c4-3-1-2-5-3/h1-2H2,VEZXCJBBBCKRPI-UHFFFAOYSA-N,C3H4O2,å°?propiolactone
CCCCOC(=O)c1ccc(cc1)N,DB11148,drugbank,O=C(OCCCC)c1ccc(N)cc1,InChI=1S/C11H15NO2/c1-2-3-8-14-11(13)9-4-6-10(12)7-5-9/h4-7H 2-3 8 12H2 1H3,IUWVALYLNVXWKX-UHFFFAOYSA-N,C11H15NO2,butamben
COC1=C(C(=O)O)N2[C@H](SC1)[C@@H](C2=O)NC(=O)[C@@H](C1=CCC=CC1)N,DB11367,drugbank,O=C(N[C@@H]1C(=O)N2C(C(=O)O)=C(OC)CS[C@H]12)[C@H](N)C1=CCC=CC1,InChI=1S/C16H19N3O5S/c1-24-9-7-25-15-11(14(21)19(15)12(9)16(22)23)18-13(20)10(17)8-5-3-2-4-6-8/h2-3 6 10-11 15H 4-5 7 17H2 1H3 (H 18 20)(H 22 23)/t10- 11- 15-/m1/s1,RDMOROXKXONCAL-UEKVPHQBSA-N,C16H19N3O5S,cefroxadine
Fc1ccc(cc1)n1cc(C(=O)O)c(=O)c2c1cc(N1CCNCC1)c(c2)F,DB11491,drugbank,Fc1c(N2CCNCC2)cc2N(c3ccc(F)cc3)C=C(C(=O)O)C(=O)c2c1,InChI=1S/C20H17F2N3O3/c21-12-1-3-13(4-2-12)25-11-15(20(27)28)19(26)14-9-16(22)18(10-17(14)25)24-7-5-23-6-8-24/h1-4 9-11 23H 5-8H2 (H 27 28),XBHBWNFJWIASRO-UHFFFAOYSA-N,C20H17F2N3O3,sarafloxacin
C=C[C@@H]1C[C@]1(NC(=O)[C@@H]1C[C@H](CN1C(=O)[C@H](C(C)(C)C)NC(=O)OC(C)(C)C)Oc1ncc(c2c1cc(Cl)cc2)OC)C(=O)NS(=O)(=O)C1CC1,DB11586,drugbank,Clc1cc2c(O[C@H]3CN(C(=O)[C@@H](NC(=O)OC(C)(C)C)C(C)(C)C)[C@H](C(=O)N[C@@]4(C(=O)NS(=O)(=O)C5CC5)[C@H](C=C)C4)C3)ncc(OC)c2cc1,InChI=1S/C35H46ClN5O9S/c1-9-19-16-35(19 31(44)40-51(46 47)22-11-12-22)39-28(42)25-15-21(49-29-24-14-20(36)10-13-23(24)26(48-8)17-37-29)18-41(25)30(43)27(33(2 3)4)38-32(45)50-34(5 6)7/h9-10 13-14 17 19 21-22 25 27H 1 11-12 15-16 18H2 2-8H3 (H 38 45)(H 39 42)(H 40 44)/t19- 21- 25+ 27- 35-/m1/s1,XRWSZZJLZRKHHD-WVWIJVSJSA-N,C35H46ClN5O9S,asunaprevir
FC(C(C(F)(F)F)(F)F)(C(C(F)(F)F)(F)F)F,DB11625,drugbank,FC(F)(F)C(F)(F)C(F)(F)C(F)(F)C(F)(F)F,InChI=1S/C5F12/c6-1(7 2(8 9)4(12 13)14)3(10 11)5(15 16)17,NJCBUSHGCBERSK-UHFFFAOYSA-N,C5F12,perfluoropentane
NCCCC[C@@H](C(=O)N[C@H](C(=O)N[C@H](C(=O)N)CCCCN)CS)NC(=O)[C@H](CNC(=O)CSCC[C@@H]1NC(=O)[C@@H](NC(=O)[C@H](CCCCN)NC(=O)[C@H](NC(=O)[C@@H](NC(=O)[C@@H](N(C1=O)C)Cc1ccccc1)Cc1ccc(cc1)O)Cc1c[nH]c2c1cccc2)C(C)C)N,DB11628,drugbank,S(CC(=O)NC[C@H](N)C(=O)N[C@H](C(=O)N[C@H](C(=O)N[C@H](C(=O)N)CCCCN)CS)CCCCN)CC[C@H]1C(=O)N(C)[C@@H](Cc2ccccc2)C(=O)N[C@@H](Cc2ccc(O)cc2)C(=O)N[C@H](Cc2c3c([nH]c2)cccc3)C(=O)N[C@@H](CCCCN)C(=O)N[C@@H](C(C)C)C(=O)N1,InChI=1S/C65H96N16O12S2/c1-38(2)55-64(92)76-49(26-30-95-37-54(83)72-35-44(69)57(85)74-47(20-10-13-28-67)58(86)79-52(36-94)62(90)73-46(56(70)84)19-9-12-27-66)65(93)81(3)53(32-39-15-5-4-6-16-39)63(91)78-50(31-40-22-24-42(82)25-23-40)60(88)77-51(33-41-34-71-45-18-8-7-17-43(41)45)61(89)75-48(59(87)80-55)21-11-14-29-68/h4-8 15-18 22-25 34 38 44 46-53 55 71 82 94H 9-14 19-21 26-33 35-37 66-69H2 1-3H3 (H2 70 84)(H 72 83)(H 73 90)(H 74 85)(H 75 89)(H 76 92)(H 77 88)(H 78 91)(H 79 86)(H 80 87)/t44- 46- 47- 48- 49- 50- 51+ 52- 53- 55-/m0/s1,XXXSJQLZVNKRKX-YQRDHHIGSA-N,C65H96N16O12S2,(2S)-6-amino-2-[(2R)-2-[(2S)-6-amino-2-[(2S)-2-amino-3-[2-({2-[(2S 5S 8S 11R 14S 17S)-14-(4-aminobutyl)-5-benzyl-8-[(4-hydroxyphenyl)methyl]-11-(1H-indol-3-ylmethyl)-17-isopropyl-4-methyl-3 6 9 12 15 18-hexaoxo-1 4 7 10 13 16-hexaazacyclooctadecan-2-yl]ethyl}sulfanyl)acetamido]propanamido]hexanamido]-3-sulfanylpropanamido]hexanamide
OC(=O)C[C@H]1CCc2c1n(Cc1ccc(cc1)Cl)c1c2cc(cc1S(=O)(=O)C)F,DB11629,drugbank,Clc1ccc(Cn2c3c(S(=O)(=O)C)cc(F)cc3c3c2[C@@H](CC(=O)O)CC3)cc1,InChI=1S/C21H19ClFNO4S/c1-29(27 28)18-10-15(23)9-17-16-7-4-13(8-19(25)26)20(16)24(21(17)18)11-12-2-5-14(22)6-3-12/h2-3 5-6 9-10 13H 4 7-8 11H2 1H3 (H 25 26)/t13-/m1/s1,NXFFJDQHYLNEJK-CYBMUJFWSA-N,C21H19ClFNO4S,laropiprant
O=c1sn(c(=O)n1Cc1ccccc1)c1cccc2c1cccc2,DB12129,drugbank,O=C1N(Cc2ccccc2)C(=O)SN1c1c2c(ccc1)cccc2,InChI=1S/C19H14N2O2S/c22-18-20(13-14-7-2-1-3-8-14)19(23)24-21(18)17-12-6-10-15-9-4-5-11-16(15)17/h1-12H 13H2,PMJIHLSCWIDGMD-UHFFFAOYSA-N,C19H14N2O2S,4-benzyl-2-(naphthalen-1-yl)-1 2 4-thiadiazolidine-3 5-dione
CCc1oc2c(c1C(=O)c1cc(Br)c(c(c1)Br)O)cccc2,DB12319,drugbank,Brc1c(O)c(Br)cc(C(=O)c2c(CC)oc3c2cccc3)c1,InChI=1S/C17H12Br2O3/c1-2-13-15(10-5-3-4-6-14(10)22-13)16(20)9-7-11(18)17(21)12(19)8-9/h3-8 21H 2H2 1H3,WHQCHUCQKNIQEC-UHFFFAOYSA-N,C17H12Br2O3,benzbromarone
C=CCOc1ccc(cc1Cl)CC(=O)O,DB13167,drugbank,Clc1c(OCC=C)ccc(CC(=O)O)c1,InChI=1S/C11H11ClO3/c1-2-5-15-10-4-3-8(6-9(10)12)7-11(13)14/h2-4 6H 1 5 7H2 (H 13 14),ARHWPKZXBHOEEE-UHFFFAOYSA-N,C11H11ClO3,mervan
OC1C(O)C(O)C(C(C1O)O)O,DB13178,drugbank,OC1C(O)C(O)C(O)C(O)C1O,InChI=1S/C6H12O6/c7-1-2(8)4(10)6(12)5(11)3(1)9/h1-12H/t1- 2- 3- 4+ 5- 6-,CDAISMWEOUEBRE-GPIVLXJGSA-N,C6H12O6,L-inositol
CC(=O)Nc1cc(ccc1O)[As](=O)(O)O,DB13268,drugbank,[As](=O)(O)(O)c1cc(NC(=O)C)c(O)cc1,InChI=1S/C8H10AsNO5/c1-5(11)10-7-4-6(9(13 14)15)2-3-8(7)12/h2-4 12H 1H3 (H 10 11)(H2 13 14 15),ODFJOVXVLFUVNQ-UHFFFAOYSA-N,C8H10AsNO5,amoebal
CCCCOc1ccc(cc1)CC(=O)NO,DB13346,drugbank,O=C(NO)Cc1ccc(OCCCC)cc1,InChI=1S/C12H17NO3/c1-2-3-8-16-11-6-4-10(5-7-11)9-12(14)13-15/h4-7 15H 2-3 8-9H2 1H3 (H 13 14),MXJWRABVEGLYDG-UHFFFAOYSA-N,C12H17NO3,bufexamic acid
OC[C@H]1O[C@H](C[C@@H]1O)n1cc(CC)c(=O)[nH]c1=O,DB13421,drugbank,O=C1N([C@@H]2O[C@H](CO)[C@@H](O)C2)C=C(CC)C(=O)N1,InChI=1S/C11H16N2O5/c1-2-6-4-13(11(17)12-10(6)16)9-3-7(15)8(5-14)18-9/h4 7-9 14-15H 2-3 5H2 1H3 (H 12 16 17)/t7- 8+ 9+/m0/s1,XACKNLSZYYIACO-DJLDLDEBSA-N,C11H16N2O5,5-ethyl-2'-deoxyuridine
OC(=O)COc1nn(c2c1cccc2)Cc1ccccc1,DB13501,drugbank,O=C(O)COc1nn(Cc2ccccc2)c2c1cccc2,InChI=1S/C16H14N2O3/c19-15(20)11-21-16-13-8-4-5-9-14(13)18(17-16)10-12-6-2-1-3-7-12/h1-9H 10-11H2 (H 19 20),BYFMCKSPFYVMOU-UHFFFAOYSA-N,C16H14N2O3,bendazac
CCN(CCOc1ccc2c(c1)sc(n2)N(C)C)CC,DB13858,drugbank,O(CCN(CC)CC)c1cc2sc(N(C)C)nc2cc1,InChI=1S/C15H23N3OS/c1-5-18(6-2)9-10-19-12-7-8-13-14(11-12)20-15(16-13)17(3)4/h7-8 11H 5-6 9-10H2 1-4H3,WGMYEOIMVYADRJ-UHFFFAOYSA-N,C15H23N3OS,6-[2-(diethylamino)ethoxy]-N N-dimethyl-1 3-benzothiazol-2-amine
Oc1cc2O[C@H](c3ccc(c(c3)O)O)[C@H](Cc2c(c1)O)O,DB14086,drugbank,O[C@@H]1[C@@H](c2cc(O)c(O)cc2)Oc2c(c(O)cc(O)c2)C1,InChI=1S/C15H14O6/c16-8-4-11(18)9-6-13(20)15(21-14(9)5-8)7-1-2-10(17)12(19)3-7/h1-5 13 15-20H 6H2/t13- 15+/m0/s1,PFTAWBLQPZVEMU-DZGCQCFKSA-N,C15H14O6,(+)-catechol
